1.000000000000000000e+00,1.164953510500656764e+00,-7.026687984212632854e-01,1.499960683261083449e-01,1.662312146037000948e+00,-1.474263269713811386e+00,-1.866470273714161410e-01,-4.693573173390740427e-01,-4.628528440414740874e-01,-1.096606167906949203e+00,1.282078757590159546e+00,-3.622183226512830645e-01,-1.945123085447195255e+00,3.729131537731899537e-01,1.027853212300138486e+00,-4.033547431494767244e-01,-1.086769991342280584e+00
1.000000000000000000e+00,6.268390826324313769e-01,3.564293884921371225e-01,5.420375708109738122e-01,-2.560883105222231393e-01,2.680527897141354865e-01,-2.001022166363716881e+00,3.467474820833495452e-01,-8.773467695776334674e-01,1.199185886513375099e+00,-5.103032527203308355e-01,1.307798076063682258e+00,2.691799325789505648e+00,3.312247497667710205e-01,1.121779926326414101e+00,-1.046752212782462221e+00,-1.826760898136727151e+00
1.000000000000000000e+00,7.508015467768289208e-02,6.526356691105015262e-01,2.544088164806123653e-01,-8.072575532201803350e-01,1.765785984003311215e+00,-1.028857890383247042e+00,-1.517104252619628335e+00,6.124399080958308206e-01,4.322604955425962681e-01,-1.197155288848346932e-01,5.782957498115567363e-01,1.244105359979317954e-01,3.145443610166264586e-02,-9.583341375023499698e-01,1.146624368270747985e+00,9.389174687322253687e-01
1.000000000000000000e+00,3.516069027685224668e-01,2.156711605974159784e-01,-3.072406938199848114e-01,-7.739951397328508065e-02,-1.768180452225843302e+00,5.454334990980462816e-01,-1.270809790029262254e-01,-3.127989252992054992e-01,5.718709716427357037e-01,1.449698489722176742e+00,-1.423603582379528776e+00,-5.650186049116233677e-01,-4.714656431983473839e-01,-7.120009611187810838e-01,3.822793752654037869e-01,2.630539617347694634e-02
1.000000000000000000e+00,-6.965125351636817230e-01,-2.638961857584526949e-01,-4.171118295817453081e-01,-1.595640749691850102e+00,1.627511052820727500e+00,2.248126367225761479e-01,-2.036876260170784603e-01,6.889865425247764241e-01,8.596980180478325240e-01,-1.494203333723318483e+00,1.524166542268679203e+00,-5.370798965615624088e-01,8.223026699952024066e-01,4.628521024732292211e-01,-8.253158322852738316e-01,-7.075961794820094797e-01
1.000000000000000000e+00,1.696142480747077075e+00,1.802440235046042227e+00,1.136804832893896888e+00,1.166705203446715355e+00,-2.366323980478369116e+00,-6.367949236190598716e-01,-1.522129120431512384e-01,4.921063960591253728e-01,2.059386216921100576e+00,-1.368432498078133719e+00,7.962212051130962420e-01,1.281904219967949121e+00,-5.300776143319051448e-01,6.682263206376428677e-01,-4.719220943602100982e-01,-3.915456086482518860e-01
1.000000000000000000e+00,5.905977798135072371e-02,-6.429841718286911645e-01,3.913138090932345436e-01,-6.594303193178937539e-01,-8.699789289481665300e-01,7.438038877248399905e-03,-2.601012775653619880e+00,3.291401871892819103e-02,-3.386428338086410195e-01,4.536628801993493609e-01,-1.650072011175240272e+00,1.145494320423666723e+00,-1.020331735872190559e-01,-1.285400997858288319e+00,-8.375940597026682033e-01,-1.262496995251128240e+00
1.000000000000000000e+00,1.797071783694818237e+00,1.095550500080994805e-01,1.605147818674899973e+00,3.855222495868989019e-01,-6.999836812654454121e-01,-2.620196767107376735e-03,-7.667286321896986667e-01,-4.397520429573767986e-01,-3.059614906624756256e-02,1.540112807142731022e+00,1.214235342282877328e+00,9.872195088066891833e-01,6.795975072969272501e-01,-5.181906151295431195e-01,5.556731422145551047e-01,3.122432142899873586e-01
1.000000000000000000e+00,2.640685288172266998e-01,-7.190376964686261418e-01,8.258923073568575912e-01,-1.875847475848524126e-01,8.595123018387593739e-01,5.651644339126177252e-02,5.210991459515789126e-01,9.868027102750224211e-01,6.950449544213187503e-01,-1.203171673219184612e+00,1.272700069831117053e+00,-6.402708627315613077e-01,-8.752848265326516053e-01,6.711085146915629629e-01,8.191540835673335463e-01,7.930920658292109349e-02
1.000000000000000000e+00,8.716732886906367606e-01,4.206275732489704877e-01,1.470390355720107678e+00,-1.598444927884022260e+00,-1.296415440396486707e+00,-1.022039981159926780e+00,-4.490360813404850049e-01,-5.812131162579334820e-01,1.471916569736454239e+00,4.730579009781933630e-02,-2.538732452140666229e+00,-1.115978328397088326e+00,2.494117820617201831e-01,1.011982677352184501e+00,9.544351397244554835e-01,1.609797478432206663e+00
1.000000000000000000e+00,-1.446171539339334844e+00,-1.931133686115705350e+00,-1.378906892339895718e+00,-9.604610180630022143e-01,1.195417475303968358e+00,-2.422657565172992855e-01,-3.483529888533489771e-01,3.258434753839287712e-01,-6.146986652306960508e-01,3.940418728840333062e-01,5.647577142741455614e-01,-4.287988717264402116e-01,-1.237818131836964319e+00,-1.241855018592096793e-01,9.890836093823038300e-02,1.055668934275445059e+00
1.000000000000000000e+00,-7.011653456829081144e-01,6.602997845044159542e-01,-2.601720690096874788e-01,1.302868023323500157e-01,-1.700569679054002359e+00,5.452920713813128595e-01,-1.786722923863712786e+00,-2.797827678124776840e-01,-1.769330977673463590e+00,-2.738733953597043969e-01,5.770167049118075653e-01,1.866829143097556098e+00,-9.790693334234738462e-03,-6.082639868559034380e-01,-3.738499322243835077e-01,4.330870909904104837e-01
1.000000000000000000e+00,1.245982120437818974e+00,-1.102509597079452286e+00,9.947681727639824389e-01,8.934099796721984843e-01,-5.855485964835542845e-01,1.980638866138195286e+00,9.673751825025168616e-01,8.613461937494829579e-01,8.813147448004181317e-02,-1.955518317975329490e+00,1.438203803575660356e+00,5.317702701246260905e-02,-9.250616301256463503e-01,-1.396419071906910725e+00,-7.129608183135971444e-01,-1.762827098191428021e+00
1.000000000000000000e+00,-6.389769950135566479e-01,-1.029706445816468696e-01,1.834033681864028376e+00,3.483382773193994253e-01,2.205564655367046711e+00,1.111024184188832281e-01,-4.395794988697068750e-01,-3.689729594487847764e-02,-6.000004659527492512e-01,1.797887315196652624e-01,-5.695662689908570497e-01,-5.779891676297895797e-01,6.869692459301719456e-01,-1.267928676566098645e+00,2.902108131894825527e-01,1.684795414812515046e+00
1.000000000000000000e+00,5.773502187716091916e-01,-1.059801536952631018e+00,-1.715910318734952478e+00,7.604326531166588632e-01,-8.272203066518241110e-01,3.533657538952935884e+00,-5.581380837933190842e-01,-1.313173888658384802e+00,1.116705041767564355e+00,-1.175987957257555117e+00,2.371906878077525871e+00,-1.241449057813636792e+00,-6.292885258588833963e-01,5.710918460360788762e-01,-2.448300000028290069e-01,-4.195734741980414739e-01
1.000000000000000000e+00,-3.600296257115728205e-01,-1.238565936407371559e+00,8.693170587466225729e-02,-9.159624220223181457e-01,1.966075265277827278e+00,-1.000993827164274208e+00,-2.497971868195130174e-01,4.347387364240781205e-01,-1.102277345223612537e+00,4.833392671876549640e-01,8.160435362086714273e-01,-2.116765794844007592e-02,-1.617302053640207404e+00,-8.126241378404648330e-01,-1.819119239415896150e-01,9.472937467597589145e-02
1.000000000000000000e+00,-1.355762944664869185e-01,-1.889236057140652347e+00,1.955674352810594652e+00,1.490408858247476154e+00,-2.301185278867237116e+00,1.134810007462874415e+00,9.520362420942906079e-01,8.914474196989019550e-01,-1.237256244592476850e+00,1.488087009171933150e+00,-1.644589192962738089e+00,-7.088852313411020400e-01,-2.852318108263323104e-01,9.940409643653580485e-01,-4.747909885377463168e-01,6.543231754805810541e-01
1.000000000000000000e+00,-1.349338480385174899e+00,-9.735845543321838269e-01,1.614537696153414970e-01,2.148635693364105315e+00,-9.945630066742706665e-01,7.586630348175181782e-01,6.613969648421238468e-01,-2.587898955319300143e+00,3.896455574653422960e-01,-9.413327740380476039e-01,-8.463632716702291781e-01,-6.495699379954024133e-01,-2.661282327087913235e-01,-1.218548621867727944e+00,5.415772672044600888e-01,-6.678468519472742226e-01
1.000000000000000000e+00,-1.270449896283402769e+00,2.121158386613864466e-01,-6.286883591253638048e-01,1.129853338306601840e+00,1.067407914128464391e-01,2.917162379363016922e-01,3.015735807795686396e-01,2.860867950722880138e-01,-1.270016294278249358e+00,1.014406372140833179e+00,-5.936152513984310763e-01,5.914668186046981857e-01,-2.106203993055183465e-01,1.347411235961225362e+00,-1.175738812393161803e+00,1.224100833447884507e-01
1.000000000000000000e+00,9.845702729252528984e-01,4.934419908876321315e-01,-1.438824465338434555e+00,-1.434478601571211431e+00,1.375143055998536701e+00,2.245273548468234903e+00,-6.723702068275675403e-01,1.353359359633388825e+00,2.358218469696024278e-01,-9.927841088079263354e-01,-1.454297598629509247e+00,5.108363971374152435e-01,8.888542636008035513e-01,-1.062141111936610038e-01,1.592977206216204200e+00,-1.514807896806803778e-01
1.000000000000000000e+00,-4.488061382885632361e-02,1.547176590472327362e+00,-6.659596858755824356e-02,4.279468903669439994e-01,2.955088566083194035e+00,-1.094656067666135879e+00,-1.515932044667873901e+00,-1.103870284103595223e-01,2.281730279285852647e-01,-2.246068824674606113e+00,-2.816522570403917070e-01,-9.481539644204872719e-01,-5.112311642524667299e-01,-4.495824963626891546e-01,8.899066723872398610e-01,-1.160572756216065926e+00
1.000000000000000000e+00,-7.989445166711059976e-01,6.449327483047895271e-01,3.733808628060656942e-01,3.573481590460257373e-01,1.874092095469638064e+00,1.258890425154447268e+00,5.015550479033064057e-01,4.584467721739836632e-01,3.673793886047773682e+00,5.938772427578065116e-01,6.097392165162387467e-01,-5.975725949942360948e-01,8.907615310111024476e-01,3.764685012202679815e-01,2.528660542911262410e-01,-1.283226355096646287e+00
1.000000000000000000e+00,-7.651724287875149022e-01,-2.148358994918109222e+00,2.173140781862471504e-01,-5.137506214135065807e-01,1.099767904093521265e-01,3.360237532960851925e-01,-8.586608367109004325e-01,-7.712922964151008864e-01,1.321014308573655871e+00,-1.444670620878086398e+00,-7.100705900301522711e-01,7.746450752666611539e-01,3.932671363390347063e-01,1.359921320191559202e+00,-1.233284855192084084e+00,2.853195136257629869e-02
1.000000000000000000e+00,8.617348973241921728e-01,-1.028844525436212853e+00,-1.794568220707883632e-01,-8.670086578277584610e-02,-1.372973072516762372e+00,1.496371762214320666e+00,-1.276686734427629144e+00,1.335330296721687904e-01,9.132480977430406099e-01,2.611649277675175629e+00,-1.280846501622669553e+00,3.996804724464692732e-02,-2.715559380613003171e+00,1.140633538355188215e+00,-1.095622844465672513e-01,-4.105222254568058338e-01
1.000000000000000000e+00,-5.622512435897502464e-02,-1.415821155211681170e-01,2.567290700955199637e-02,-6.686822797967884036e-01,-1.354662073663968069e+00,-6.658218395036169523e-01,-1.236964181464166729e-02,5.058332792832297420e-01,-1.026048448986689232e+00,2.320216683042782002e-01,3.172632159824309017e-01,-6.615112562029498156e-01,-8.684062573293319653e-01,4.648378399984040010e-01,-2.288172118211504458e+00,-5.219526214625708205e-01
1.000000000000000000e+00,5.134781736743021519e-01,-2.526706122853926928e+00,6.420663619730815341e-01,2.139632850654640817e-01,-1.133640340323605500e+00,-8.862707651233403539e-02,-1.889581281130713775e+00,2.479341196911185041e-01,-2.016685097812611183e+00,-7.643209642190581521e-01,-3.513895328639425886e-01,1.962843475663778925e+00,1.266613164579743489e-01,-5.910827733675817486e-01,-9.617455755742937429e-02,-9.252827024118777111e-01
1.000000000000000000e+00,3.966808659358240785e-01,-3.129814927642294298e-01,9.230866493790010896e-01,1.000462860645004587e-01,4.624732091399046396e-01,-4.599092592358571818e-01,1.342246317430926483e+00,-3.670544529380341259e-01,9.234474649783389610e-01,-4.461434822008593093e-01,9.453505056990934019e-01,1.738455119441005836e+00,-2.467982726409811978e-01,-1.415370911280759425e-01,5.534008997690673115e-02,6.246975356469762486e-02
1.000000000000000000e+00,7.562189702854881235e-01,-5.936176185313141174e-01,-1.555107773723277687e+00,7.213757087509586885e-01,-4.620489246053711974e-02,-2.610005643648155571e-01,3.266675011536764317e-01,6.790469696025716040e-01,2.705248137964229471e+00,-1.922133495342697618e+00,6.341525862059220753e-01,9.882347709733695362e-01,-5.180212137063138211e-01,-9.780995127777711851e-01,2.485756461291416919e+00,2.892836931017276347e-01
1.000000000000000000e+00,4.004860231910973289e-01,3.323221617176656539e-01,6.635940327888922852e-01,9.144365570495574524e-02,-1.298474032404163925e+00,8.505019435256712390e-02,-1.041689339272862808e-01,1.266996969173140197e+00,-1.644985022433565147e+00,2.404679055422449252e-01,1.185134674504941366e+00,-1.358405670008845156e+00,1.032745355061293724e+00,6.602445581022411414e-01,-6.154796403778578506e-01,2.121971787972919632e+00
1.000000000000000000e+00,-1.341380722378574086e+00,5.588507032934514340e-01,-6.094996110514913079e-01,-2.399955025383225960e-03,8.046818955775557336e-02,-9.841385876378007727e-03,9.792604655376971334e-02,2.358240623482680542e-01,-2.170936927163679975e-01,-3.085790322943590680e-01,-7.650506490353750633e-02,-5.746419099180130052e-01,1.825894068090036404e+00,1.192905907975556623e+00,8.718350092698446963e-01,1.166049048692392676e+00
1.000000000000000000e+00,3.750410236961035926e-01,8.998835735461316876e-01,5.652394033096244108e-01,2.618430599648525758e-01,-2.032843341203840914e+00,3.571998885467220775e-01,1.228836649669083458e+00,1.486689886848525585e-02,-4.602562150715684419e-01,-1.094723074696789977e+00,3.379637500295367136e-01,5.637241666206589397e-01,-1.276039011508034005e+00,3.203615470806707721e-01,4.293446945532684578e-01,-5.693441570490863635e-01
1.000000000000000000e+00,1.125161817875028225e+00,-2.008988555865232895e-01,-6.107814462552852985e-01,-4.404241369071542067e-01,5.643898974678194236e-01,1.365077796629603712e+00,8.253636727254648475e-01,-7.245870919678535360e-01,8.728282935372798645e-01,-1.098756730597217679e+00,-2.944723668024920582e-01,-2.473061616924003836e-01,4.509806209480299310e-03,7.509493132701194895e-01,8.234995129219340182e-01,-8.585759733789775083e-01
1.000000000000000000e+00,7.286415917739047510e-01,-2.337349746782438620e-01,1.231111466492106343e+00,-1.816263647761019895e+00,1.156907954008133066e+00,-7.187392228449598353e-01,2.581082204472263664e-01,7.586427757087366164e-01,1.097215378155814935e+00,7.203327111901152158e-01,8.545044100109445706e-01,-1.050764119259878004e+00,5.256842344891802243e-01,-8.988268526585250218e-01,9.637204669658635536e-01,6.282468290845484304e-01
1.000000000000000000e+00,-2.377454293765433491e+00,1.449906601852448240e+00,9.942997451274069309e-01,5.287194830251223943e-01,1.253641242858200222e+00,4.155230786873941318e-01,-2.509077988904426237e-01,-7.908876396058969194e-01,6.999914315728621439e-01,8.215199851140955190e-01,-1.788825016678744495e+00,1.588249106770907693e+00,1.211479060577744349e+00,9.467424549186218563e-01,4.047238316246126177e-01,-1.296361641703856593e+00
1.000000000000000000e+00,-2.737824157439003869e-01,1.836132026021662034e+00,-8.034747136446188653e-01,-3.519198658937462976e-01,3.094338709874486226e-01,1.790968338435470486e-01,2.342945740332166155e-03,7.525173639468984987e-01,4.809815500766870255e-01,-1.384820858836972146e+00,-1.127212085605067138e+00,-1.900605519921962694e+00,-7.677302318181549179e-01,1.511060851259371063e+00,5.469371740935315834e-02,-4.695209862780298504e-01
1.000000000000000000e+00,-3.229399212044971046e-01,-3.829182591609194275e-01,-5.912044783975327622e-01,1.445553420590059146e-01,-9.026337861672966145e-01,1.236352516537156943e+00,2.657414695779574121e-01,2.280011377181936361e+00,-3.041985581627594248e-01,8.286824681072897381e-01,-1.457554468592660912e+00,-1.288006112331333552e+00,7.722502004513397411e-01,4.187986095841101930e-01,-8.957955545693225829e-01,4.020505730468514893e-01
1.000000000000000000e+00,3.179879156507394167e-01,1.550827445176340413e-01,1.691546407795361251e+00,8.106852623587895712e-01,1.279283807542020979e+00,-1.397269668117651298e+00,-2.755987031056557068e-01,-1.117413755185090452e+00,5.682788513352358128e-01,-2.656932020215871382e-01,5.953687759946594271e-01,1.118487944670307987e+00,-1.064066326322250094e-02,1.523901266011538524e+00,-6.337944544066659303e-02,1.129144635663488438e+00
1.000000000000000000e+00,-5.111722077807004938e-01,-9.646482490568955015e-01,9.533555173296139884e-01,-6.171317380723426727e-01,-3.465347351450014379e-01,-1.722115093506520145e+00,1.447951592019186107e+00,-1.630000793762984568e+00,-5.243400621336568035e-01,5.072388233843870831e-01,-9.518444640023712155e-01,4.089512015060472461e-01,6.595090403279358915e-01,-8.124625762370081272e-01,-2.094037265568222117e-01,-4.457684918901896332e-01
1.000000000000000000e+00,-2.041345349432955193e-03,3.875643128982318719e-02,-1.930054937398511417e+00,-1.191800602531192910e+00,8.199746261274300230e-02,-1.234309135783880684e+00,-1.052538577166552310e-02,-1.136136252695550963e+00,5.117817912785281864e-01,8.898507012004790440e-01,9.443772009322445871e-02,7.089120419120645833e-01,5.323021870909081521e-01,-5.659313617334821994e-02,3.126349168677187151e-01,4.055750296618936268e-01
1.000000000000000000e+00,1.606510961119237413e+00,7.654583870741114016e-01,5.128449872839657697e-01,-2.082036726145990002e+00,-1.756170052969171502e+00,4.941053993512977138e-01,-6.961127637436606008e-01,-1.110315967299364992e+00,-1.312959633133969017e+00,-9.551706422206401870e-02,-1.750257952667063188e+00,5.142930659100770630e-01,-5.132412064517610784e-01,-3.661530516935669610e-02,7.505852611647668704e-01,-1.830880386208381394e-01
1.000000000000000000e+00,8.476486345009253132e-01,-5.945240078394671279e-01,3.936824485728807055e-01,-9.729463807929507047e-01,-1.327696551194725849e+00,-6.578283151105169813e-01,1.722968017864294765e+00,1.281193462801134775e+00,-2.019140472696795419e-01,3.060671891669051736e-01,1.866561683318354037e+00,-1.188120440194341709e+00,5.784120946998779766e-01,1.615689791561182309e+00,5.897609371314361804e-01,8.461223910480386579e-02
1.000000000000000000e+00,2.681008119015753088e-01,1.302459751908979779e-01,-9.054265004462622723e-01,1.150637691287005548e+00,7.860369703422905863e-01,-8.648465664972118105e-01,2.356256175601313396e-01,4.542773212743236866e-01,-1.306799585541467378e-02,-1.023838475387526536e-01,-1.603940711758819804e+00,1.219778200352252373e+00,-1.387787367171451791e+00,-1.620193681743770375e-01,-4.704289842375043440e-01,2.050918871219886974e-01
1.000000000000000000e+00,-9.234890857840774014e-01,3.501350513260264447e-02,-1.274473276796148191e+00,4.290163518038554030e-02,1.117178263117848624e+00,-2.186814528864870155e+00,-3.492917870555045101e-01,9.171991038480187264e-01,1.016620895259410101e-01,1.036159350829237297e-01,-9.960659092144059645e-01,3.342060591599589903e-01,4.519997927674772042e-01,6.048222936716131093e-01,-7.788260660253013556e-01,-1.057538665871340822e+00
1.000000000000000000e+00,-7.049938777869370343e-02,-6.246741386788936534e-01,3.465461033797253565e-01,6.641188224521840100e-01,-5.400788600078179069e-01,-7.856803638958944624e-01,-6.963462951166995429e-01,2.162401558599640061e-01,3.726341064055995744e-01,7.300890664317044587e-01,-1.232461075186131794e+00,1.775181015705236565e+00,1.316863568488044534e+00,-2.252317487645897343e-01,-7.900395290093609191e-01,1.921923101005922785e+00
1.000000000000000000e+00,1.478913510147471522e-01,-5.397752407476238412e-01,-1.195235440234972968e+00,1.577989419954522576e+00,-9.204348079036605013e-01,-9.058876755056088914e-01,-3.225272503917073208e-01,-2.844908770535353737e-01,2.246560595359946289e-01,-1.481883435075211697e+00,-9.196181856811093125e-01,-4.500156046957590195e-01,4.578505416749936718e-01,-4.562247998032110119e-01,-1.024366066863117375e+00,2.425977918947516687e-02
1.000000000000000000e+00,-5.570936422412816613e-01,1.879957112567669064e+00,6.672014423186998222e-01,-5.341272129732147489e-01,3.233555971022167297e-01,-1.081923627295172663e+00,-1.303839289776033583e+00,-3.096858129757718014e-01,-2.189873237225012648e-01,-1.463189100666769438e+00,-4.757384389177584105e-01,1.058130763140382236e+00,-2.297550878922856477e+00,5.445624252829576184e-01,2.510564849552484601e-01,1.000374336507421136e+00
1.000000000000000000e+00,-3.367056990028534647e-01,-1.003849454081783277e+00,-6.779377459852690968e-02,6.881822628818006216e-01,6.155604276005557374e-01,9.654119688590512283e-01,-4.477572789687222499e-01,-2.823419448027020967e-02,1.193842787161703445e+00,-1.228334310484599401e+00,4.652953285713150033e-01,9.736075376889004318e-02,-6.117797231809971592e-01,3.601649471389386514e-01,-3.939003587134652651e-02,-1.345584246149797325e+00
1.000000000000000000e+00,4.152274627231557491e-01,-4.974458776747412991e-01,-1.735660105107064810e+00,1.722586713522408663e+00,-1.723876541312934441e+00,7.019749430877465501e-01,-1.333911932287654922e+00,8.982557212001561764e-01,-4.281045575906064493e-01,1.952508946579507298e-01,-2.536506676473266442e+00,-9.786635977216920912e-01,-3.125231563462858020e-01,-7.407803162247675877e-01,4.323017249642608917e-01,-1.201131588713622911e+00
1.000000000000000000e+00,1.557813537123208025e+00,-1.504397152650685410e+00,8.063485733328243921e-01,-1.273177861478274275e+00,1.241964423671085171e+00,-1.487673446282337775e+00,-1.754667696578868785e-01,-3.661582988888640866e-01,3.010030261549919706e-01,2.269931965976377530e-01,1.016390689747478815e+00,9.521876554575181562e-01,-7.123388440539190070e-01,1.224819609436451386e-02,-2.201245857601761724e+00,2.450331422879398868e+00
1.000000000000000000e+00,-2.444298897865559539e+00,-9.544929893639804430e-02,-9.148007377755209557e-01,-1.126163757927517661e+00,5.680596155095148925e-01,-1.978586211125786809e-01,1.210048764028716972e+00,5.461393688183888706e-01,-2.111426546610243538e+00,7.207306429923296953e-01,4.995105786651122814e-01,1.140289031107253326e+00,-1.220293868380307067e+00,1.237459538465368158e+00,1.212799886087340351e+00,8.258621533582124474e-01
1.000000000000000000e+00,-1.098195387799324019e+00,3.967270537272931108e-01,-5.140125602947950290e-01,-3.109087316243469568e-01,9.606010688719632262e-02,-2.946870950185201954e-01,-9.199910848523100704e-01,-1.203867340723774104e+00,1.887233379454639870e+00,-6.385639157554711121e-01,-7.754468302036731098e-01,4.288021736552932173e-01,9.537663705823985483e-01,-4.731776682453615046e-01,1.442350841891772095e+00,-2.118797880360863140e+00
1.000000000000000000e+00,1.122647857944874650e+00,-5.271149078861741000e-01,1.896260614825747259e+00,1.775373367612385345e-01,-3.953207604530672437e-01,-2.223138356235994095e-01,-1.200992612247332891e+00,5.941118352500081023e-01,2.099257297485279672e-01,1.947357426008450576e-01,-1.308443250335384445e+00,9.499087460298621943e-01,-4.511786884947928122e-01,-3.028898346319524454e-02,3.877072072248912565e-02,1.173980873206460773e-01
1.000000000000000000e+00,5.816672580452740826e-01,3.445710555868276015e-01,-2.532299924522806167e-01,-9.766955039395682769e-01,-1.651465873139586149e+00,1.801454578649335003e+00,3.475519111784063919e-01,5.819228752469344373e-02,4.139371604277786720e-01,4.179212597640787341e-01,-4.754504822061330488e-02,1.486635723875828319e+00,-1.482937152814937654e-01,-1.497712128200531234e+00,-1.124636180024488841e+00,3.859752060876902036e-01
1.000000000000000000e+00,-2.713542955247533195e-01,-7.232905264158172587e-01,-1.745305988899616967e-01,-7.659221205911486141e-01,-1.098187553779703451e+00,-1.337969510689123176e-01,2.305529644507894549e+00,-5.293562218053459167e-01,9.775703531139922076e-01,6.127272644970701565e-01,-7.906356047830995770e-01,-1.516342942540274574e+00,1.428828882925223809e+00,1.963572279133204701e-01,1.131768856445997784e+00,6.643463929438442328e-01
1.000000000000000000e+00,4.141913072295038134e-01,1.268193363192925638e+00,9.787884211885772290e-01,-2.372749397472433852e+00,-1.103338688155931280e+00,-2.243783350997478721e+00,-1.732474406582111603e+00,3.722692103744929676e-02,-1.822544310152602598e-01,1.474222083321392818e+00,-4.888676927628366475e-01,-7.692926407302780323e-01,1.120553784925976820e-01,-5.702157379041719043e-01,-3.232610069065699476e-01,-6.151350043289094405e-01
1.000000000000000000e+00,-9.778142274614003426e-01,-3.124265829581911527e-02,1.289553676294779239e+00,-1.719189657762109968e+00,-8.757719386351803248e-01,-6.899146452392653783e-01,-1.234014583193639575e-01,-6.070510832982289884e-01,-4.042168817902836442e-01,4.887988335570830206e-02,-6.783339103398989822e-01,-2.203772806365508208e-01,-2.661449635946367742e+00,3.983470257468094688e-01,-1.138202781828027560e-01,-1.061044812262138759e+00
1.000000000000000000e+00,-1.021466173866151905e+00,7.782117371672482298e-01,-5.305750446424764011e-01,9.066493414295473396e-02,6.658871035346365375e-01,6.996117110324915345e-01,-5.162772047462750313e-01,-1.856128302198217783e+00,6.460591012363561259e-01,-5.126866154989767610e-01,1.478783068528663591e+00,1.201824210672540527e+00,-9.753485797796348500e-01,3.585980685310259930e-01,6.614643131845699964e-01,-5.050881103118772808e-01
1.000000000000000000e+00,3.176879798520422238e-01,2.180483552957660276e+00,-6.929714944423079892e-01,1.660188507047516193e+00,9.378350847572624049e-01,7.724261494750415125e-01,8.633128210131694180e-01,1.690763257995262947e+00,5.657422194325285592e-01,-5.170131395338189995e-02,-5.264390633230364713e-01,1.456640067856095622e-01,-7.883653262739671874e-02,3.107484363541811456e-01,-6.755170432236882183e-01,-5.200090754609587584e-02
1.000000000000000000e+00,1.516107798150034380e+00,4.378136815376257873e-01,-8.598062345819615926e-01,-6.532233571322432208e-01,1.563100373876539884e+00,4.976066941882221761e-01,9.661586586848508462e-02,4.372861071449830606e-01,4.289444019727774449e-01,1.052693321147276651e+00,2.473057692912553340e-01,-6.649204703981458353e-01,-5.016971445901814430e-01,-7.952880119660211689e-01,4.409972239298110552e-01,-9.840403405006135917e-02
1.000000000000000000e+00,7.494324525882561927e-01,1.333328983587253491e+00,5.290380631448389215e-01,2.050284107438958170e+00,-7.563072856298734825e-01,3.916632235642321103e-01,-2.097782766213316386e+00,1.483734086640887018e+00,-6.584446658800585661e-02,1.848423177173327492e+00,-6.974499108109512013e-01,-5.074641345481351040e-02,1.324429073053701833e+00,5.969828063218279857e-01,-1.156172954735753766e+00,4.633599567336342540e-02
1.000000000000000000e+00,-5.077003866696357948e-01,2.510781391108597438e-01,-2.278519833296311081e-01,-3.451339737689079201e-01,-1.672760400085338661e+00,-2.285897846736784977e+00,1.174663726040732215e+00,6.256344900806871945e-02,-8.710957157671863627e-01,3.034635767677926199e-02,1.057113471892863199e+00,8.375767818557636746e-01,-6.939116648469063620e-01,4.937157903674359583e-01,4.769942866004723836e-01,-3.129876841362110723e-02
1.000000000000000000e+00,8.852994481915092972e-01,-3.104709081781197311e-01,3.767703292608434174e-01,-1.015168291610540230e+00,-2.788266945324882617e-02,-2.641005947807095744e-01,5.505611079877545944e-01,1.871853991763814617e+00,4.763904888100398138e-01,-6.477943628040255808e-02,1.447432041123954294e+00,3.369377028557464238e-01,-3.477061460528270698e-01,-1.182391175809508255e+00,2.808192597773954136e-01,-8.089522418581933383e-02
1.000000000000000000e+00,-2.480935532372358643e-01,-9.230037238087150930e-01,1.221556181701847876e+00,8.051356211718637690e-01,4.388350168829897591e-01,-9.455372056295542338e-01,1.193970845538781855e+00,9.175681890456043321e-01,-1.023623260093221132e+00,4.611714670044682052e-01,3.543574837837950020e-01,7.062709746442570324e-01,-1.069497120236240439e+00,-1.067585631471327012e+00,2.587146740300231285e-01,-7.335220997207949623e-01
1.000000000000000000e+00,-7.262489997420835675e-01,-3.847757360187528120e-01,1.098287774387160187e+00,-1.287555102728679790e+00,8.003084231317234565e-01,3.101904510963718331e-01,1.317302161398740123e+00,-3.107037087829829236e-01,1.460658710783588887e-01,2.040004582282824164e-01,1.002003839281873976e+00,-4.541240409542136591e-01,-7.956880436707569615e-01,-1.150966249660585250e+00,3.263484944720865949e-02,-3.300292152245001137e-03
1.000000000000000000e+00,-4.450403009961612644e-01,1.158180570891159222e+00,-8.530143351533235885e-01,2.145294183926550247e+00,-9.744066021589171678e-01,8.526587044674506233e-01,-1.488625398717721149e+00,3.951599290712100587e-01,-4.455408214001679856e-01,1.292950715153990959e-01,1.178986747567448923e+00,2.615618929994941722e-01,-2.634282696542885605e-01,1.552695461160131130e+00,9.106868507203034202e-01,-1.194348290343632213e+00
1.000000000000000000e+00,-6.129111203384356443e-01,8.625001884140893749e-01,-9.042043011302949296e-01,-7.854964326446027822e-01,-1.548104165921047048e+00,-9.389752820371569664e-01,-1.896621291663199219e-02,-1.589178970277500325e+00,-6.587172934156387827e-01,1.952926015722388664e+00,-7.883974226878524005e-01,1.088099985778930634e+00,5.869753612720749608e-02,-1.190281798077772679e+00,-7.163136627049258021e-01,-7.481480554641629643e-01
1.000000000000000000e+00,-2.091440845936382575e-01,-1.034705624927498846e+00,6.986703958281241800e-01,-2.428824000333655586e-01,6.125198188475512451e-01,-7.670067170374997856e-01,-5.934411808127967314e-01,5.863394287638946656e-01,1.314049408219961079e-01,2.489688230951313808e-01,1.135184683132201444e+00,1.365644166311592800e+00,-4.516807816014512533e-01,1.189818399535436777e+00,5.422094033229269971e-01,8.075149633397078752e-02
1.000000000000000000e+00,5.621478344503594293e-01,-1.926728832986419893e-01,4.825977083733281603e-01,-2.040550421131582040e-02,1.934645033427330463e-01,3.222003765025811539e-01,-1.898719683742111294e-02,-7.162401078134889021e-01,-4.907131101960544028e-01,-1.487945606914805874e-01,1.190772423907165534e+00,-2.349309690976687737e+00,-1.108904116886667568e+00,-7.751896491396541578e-01,6.733987935159106986e-01,5.391198819107553275e-01
1.000000000000000000e+00,-1.063922887881042056e+00,-1.299722779875067014e+00,8.116959789561729588e-01,-1.440630743632160149e+00,-1.093574159996093753e+00,6.123666250025431301e-01,-3.872259287800356997e-01,-1.185848537531598135e+00,-1.012475997738113698e+00,-3.548950857839813233e-01,-2.348646708423255625e+00,-4.201012101043365837e-02,-1.810080344726907875e-01,3.587647722144692297e-01,-6.628356669423890457e-01,2.381301237681992866e+00
1.000000000000000000e+00,3.515889483798159687e-01,3.065959160288636576e-01,3.278826479110197867e-01,7.805990444602562972e-01,9.778250983053013989e-01,6.960247243195993860e-02,2.144561509329273863e-01,7.553998076879210322e-01,7.767317179419852557e-01,-1.342981755933753574e+00,1.013138237739249714e+00,-2.879266300719560689e-01,1.128635832665236677e-01,-6.119491559851887308e-01,1.855261767034414255e+00,8.963624076442906485e-01
1.000000000000000000e+00,1.132999926008681157e+00,9.689921761574927794e-01,-1.586916673136529399e+00,-2.755689138829601204e-01,-4.265252228236235954e-01,3.515617045668686241e-02,1.745684635241107285e+00,-1.733196748500447359e-01,-1.099195524462675433e+00,-6.710959790904668099e-01,-8.112113506952201014e-01,1.376843302540505354e+00,-1.153393214121975596e+00,-1.139855761976243942e+00,-7.060255039149253564e-01,2.657102764451672594e-01
1.000000000000000000e+00,1.499942480077286477e-01,-7.473171267581893984e-01,-9.207830468203977992e-01,2.150378871161466421e+00,-5.084982608413106675e-01,-1.839592570839534424e-01,3.288574918556108617e-01,1.785527326380088819e+00,-3.951306940732858541e-02,-1.120420994388751756e+00,1.409149236490527257e-01,-8.587983708101545322e-01,-1.717080891375861729e+00,9.571185954395516893e-01,3.738936109135566621e-01,1.095448644326502574e+00
1.000000000000000000e+00,7.031440532474663163e-01,-2.796024422979185076e+00,-6.142737571414726983e-01,-1.161507696981607385e+00,2.419135557999961827e-01,5.788616069831815231e-02,1.032119443406279036e+00,-7.981433290107684542e-01,-1.635243494538929365e+00,-6.577180905589660731e-02,1.543865474604506405e+00,6.284739500850659855e-02,2.983828629255120823e-01,-1.242100480701170628e+00,-9.089245619335210025e-01,2.957985025488383268e-01
1.000000000000000000e+00,-5.241158499868869836e-02,6.967315535874816224e-01,-3.346715543336777343e-01,-1.266310390702570865e-03,-4.089540870635454128e-01,-9.269585175066751281e-01,-3.394832926673768680e-01,-3.141567241359070617e-01,-8.497087725011760462e-01,-7.977364147188370502e-02,8.195751483865724163e-01,-9.904088961852711148e-02,1.572685955715898309e+00,7.069875515300170360e-03,-1.948096233482101425e-01,-4.731377681180052863e-01
1.000000000000000000e+00,2.018496124007770121e+00,3.206907543664440308e+00,8.034462463546819533e-02,-1.142248922043799464e+00,-1.021483599249519481e+00,2.284312605921366757e+00,3.665824098164467415e-01,5.933823389868773113e-01,-6.561789193491924799e-01,5.226456373828272106e-01,-1.437679169580141358e-01,-5.037869431782909801e-01,-1.218031010559796012e+00,-4.364112514583260438e-01,4.975716196860438534e-01,-3.909498828283050620e-01
1.000000000000000000e+00,9.241594048931750516e-01,5.360070447498231916e-01,-4.755507829441563139e-02,-7.442958804596964129e-01,1.189466944753040378e+00,-4.300632330611273701e-01,6.054873899726948006e-01,2.521211519090433839e+00,-5.605673488164789053e-02,2.709771627265460392e+00,6.116242688621033041e-01,2.181341688300791337e-01,-2.419821296701261559e+00,1.273050657331639579e+00,2.956545368096804016e-01,3.051823483207806165e-01
1.000000000000000000e+00,-1.814114702851241212e+00,2.984505357201063802e-01,-6.147356219542708944e-01,-2.004033319940306257e-01,-3.638519224905120697e-01,1.502922914185741199e+00,2.077600752344206825e+00,8.990118750892120980e-01,6.579000398940985095e-01,5.798876621465288289e-02,-2.316399887136981750e-01,-2.341309939716599842e-01,7.175561918166419861e-01,-7.404127909257680606e-01,8.341900204235808136e-02,-1.550210285149434264e-01
1.000000000000000000e+00,3.497332028516675351e-02,2.840431609952063230e-01,2.403619701432719302e-01,-2.769413473767383671e-01,-2.283017359737767316e-01,5.795561770718609118e-01,8.840006518130000268e-01,-8.225548974729949281e-01,-8.028066305367204114e-01,-7.532492806710572308e-01,3.553435613513062918e-01,-5.202473767786756076e-01,4.206092023464338414e-01,-1.151745400210900661e+00,4.215519412922992815e-01,-7.993536902220595985e-01
1.000000000000000000e+00,-1.807862060321251185e+00,9.596643713486017191e-01,1.250168159344057506e-01,-9.752527326941230479e-01,-8.248911845330124670e-01,-4.571904963251347542e-01,1.111964125560433780e+00,1.074797648632013658e+00,1.406532386540179758e+00,-7.489551737451645153e-01,-8.567130084372108489e-02,5.804811689174289580e-01,-2.407727862347365022e+00,-7.570812206556941371e-02,-3.073650913205138391e+00,1.000252886903064242e+00
1.000000000000000000e+00,1.028192546045776590e+00,2.087593112096323367e+00,-2.236045917656407367e-01,3.971223796768397762e-01,6.106750674633554254e-01,-5.767541034943424183e-02,-1.586327855334288550e+00,1.037112661657853430e+00,3.003422806066597950e-01,-5.169812022725790435e-01,7.807039866424309027e-01,-2.290158678485456345e-01,-7.655720493199423826e-01,2.181858353877846879e-01,5.164713050677878226e-01,-1.362624108107222121e-01
1.000000000000000000e+00,3.946003088119321434e-01,1.524680531707774733e+00,-3.910394789210633326e-01,2.680117717473657457e+00,7.506032016124976058e-01,3.522670380544253299e-01,1.707389683623960597e+00,8.235665647909408138e-01,-2.201917182418575425e-01,1.317539916791189425e+00,7.643784675884190971e-01,7.227109340845448981e-01,6.758269251981868786e-01,8.032090578210229204e-01,-1.968644965568072669e+00,-1.038150150210235712e+00
1.000000000000000000e+00,6.394056420885158021e-01,-1.952607900323302115e-01,-1.382045359528425665e+00,-3.848864502755165451e-01,5.474521756163517328e-01,-2.806059929424266075e-01,-4.093667293688347808e-01,9.831120224503502314e-01,-3.717612324424052206e-01,-1.001286311680029822e-01,7.313845876685276526e-01,1.828406233229732877e-02,-1.972884160163929368e-01,1.176185613443171407e-01,-5.650145022611962053e-01,-4.294783764076806620e-02
1.000000000000000000e+00,8.742128948636092023e-01,1.726031580089799206e-02,1.076291638939563589e+00,-5.714747192718380719e-02,-1.737479659513651242e+00,9.614746365782176341e-01,-1.032813213965191990e+00,-1.271453523344281189e+00,1.750318289072061662e+00,5.354525349405462320e-01,-1.111493099845912491e+00,-1.284135317735682902e-01,-1.216388769520484470e+00,-3.644034225826108253e-01,-4.129309728316470363e-01,8.676540053540164887e-01
1.000000000000000000e+00,1.752401730329559371e+00,2.463404386017636061e-01,1.269465659999335250e+00,-1.728765363223288887e+00,-2.964061076163495567e-01,1.309079327957086480e+00,1.819612432870924001e+00,-1.431811552051283520e+00,-8.535060252804360648e-01,1.439577164409075738e-01,1.943675083274408077e+00,1.389289520815193413e+00,-1.397212370494748557e+00,6.921240024921901934e-01,-1.942126383298566461e+00,2.164286625250974261e+00
1.000000000000000000e+00,-3.200508264321375029e-01,-8.544847210898496304e-01,4.872683526358433936e-01,1.280766588613663659e+00,-3.695971881613417942e-01,-1.306809892572198706e+00,-2.118028083839691156e-01,-1.879503465562683273e-01,1.576997336510196579e+00,1.688878235526417804e+00,1.210352636678156735e+00,3.503019076788788100e-01,1.043501390450110033e+00,1.068779437392640475e+00,5.742923842603970819e-01,-1.525802712167509290e+00
1.000000000000000000e+00,-1.374138081448662840e-01,1.157782701764743072e+00,-9.563735704767639678e-01,-5.832576278312898710e-01,-1.340945851460263460e+00,-3.850810687513471220e-01,-2.067446107803196376e-01,-1.026334261580916563e+00,8.066401927510473691e-01,-6.724439969918486470e-01,4.914566459769468820e-01,3.932880426515026340e-01,-7.889705450365389061e-02,1.135381655149855895e+00,4.677645116337557085e-01,4.798879564041574342e-01
1.000000000000000000e+00,6.157696280867155370e-01,1.619077232501363317e-01,4.518074732820702710e-01,-1.039925603519620489e+00,1.814409020147180196e-01,1.081048425662138435e+00,-1.070414436230944233e+00,-3.783045631291722666e-01,-7.443705925680864366e-02,-1.802660232905169524e+00,2.067857926471272090e-01,-9.982192259485376251e-01,-2.792674584181619180e-01,8.693214186611984973e-01,-8.620636852108403136e-01,5.401102999384077563e-01
1.000000000000000000e+00,9.778940698451973335e-01,1.557063755485421641e+00,-1.253777631467534404e+00,-1.398088876604566044e+00,3.016123703682974805e-02,-1.396751161184567769e+00,-1.875276895697697732e+00,3.692373854569622194e-01,2.367171819574919178e-01,1.037787898571506329e+00,-4.845352703103333880e-01,5.001678411435414029e-01,-7.678705810040257207e-01,-9.965598238103923201e-01,1.476443339858109605e+00,7.526972188304872913e-02
1.000000000000000000e+00,-1.115347712205141395e+00,-1.935438551585811073e-01,2.564346316097207978e-01,8.440104252718105826e-01,3.818449332954881870e-01,-1.575387228127914208e+00,-8.972322383534397927e-02,1.139095354387603454e+00,-1.730402847275866574e+00,1.499393050379700387e+00,-2.523353648695690676e+00,-3.210475772793590088e-01,8.994796582099519044e-01,-4.530695027886081916e-01,2.150332963470968917e-01,-1.810040116247003894e+00
1.000000000000000000e+00,-5.500214488044857797e-01,1.651301174450431786e+00,4.212289292852125500e-01,2.488246810303969547e-01,1.463439313352090876e+00,-5.157413005354533064e-01,-4.187822573420306171e-01,-5.629397028324859553e-01,-6.937369221931050101e-01,2.204924637800572906e+00,5.609434601493793471e-01,5.218030447793147175e-01,2.209576780661789641e+00,-4.012085973007912254e-01,4.434770606453474207e-01,7.005137247053807581e-01
1.000000000000000000e+00,3.988485284579666723e-02,-1.898778180895848156e+00,1.042359790652729767e+00,-2.068566320998277863e+00,-8.761023062492563351e-01,-7.529309940026349679e-01,-2.106500858802003329e+00,-1.664321262783813982e+00,-4.530762076020057316e-01,4.273068502832442356e-02,-7.866101259287556768e-01,-2.941746172491255251e-01,-5.362568315931334206e-01,-9.187758930562696102e-01,1.355029305719443744e-01,2.438503065547463766e-01
1.000000000000000000e+00,-2.482842514256541122e+00,1.822524763170148887e+00,1.209120406592161689e+00,1.674865956240230380e+00,-1.256035606419931394e+00,3.917973621773351289e-01,3.991978999159950803e-01,2.132802897732505087e+00,1.162666039766822701e+00,7.048780851231871702e-01,1.063069537000305154e+00,6.113774655861523577e-01,-1.223192879183021331e+00,-2.079982313043046704e-01,6.028305781555574061e-01,7.961487798682433115e-02
1.000000000000000000e+00,1.158654705247900596e+00,-1.518415134195313154e+00,7.809545400148873995e-01,-5.825612420454110429e-01,-2.697983729188451196e-01,4.043771449531455286e-01,-9.883148299658289782e-01,-2.424191546794232099e-01,1.336486067351388529e+00,-1.196479888982270728e-01,-1.357904444523517995e+00,5.360306475116707325e-01,-3.878876803997455824e-01,-2.668377360145754995e+00,1.059529281033912279e-01,-1.453641637034744472e+00
1.000000000000000000e+00,-1.026279466693260201e+00,-1.051070608799334227e+00,-1.179899754938810830e+00,-7.857957488598009688e-01,-7.324560363586499756e-01,-1.116767250368261966e+00,-3.340970552249917791e-01,1.180582194986406819e+00,6.660218723697621801e-01,1.886697959858366636e-01,4.488134742833599922e-01,1.400709784993211249e-01,1.067515249159294521e+00,-1.501621344625063692e+00,4.210961824752204596e-01,-6.378624270470353297e-01
1.000000000000000000e+00,1.153486988237922617e+00,4.993051343323409025e-02,1.001450058807894727e+00,-5.949136792522642381e-01,2.792076306420211984e-01,-1.484788908410808572e+00,-9.388713417982450515e-01,-6.471485528192933989e-01,-8.844571203089144351e-01,1.115558361940725218e+00,-1.259650473383999492e+00,-4.005739868689693894e-01,-1.040228255079842928e-01,-8.873643452730777259e-01,-8.787767444802557781e-01,6.119935279232876502e-01
1.000000000000000000e+00,-7.864566130202224059e-01,-1.454748869528084132e+00,-1.024904741478576353e+00,3.855243082304525282e-01,9.828598964715169473e-01,-1.469884580409712600e-02,-2.229786704532004560e+00,1.314866273445508771e+00,-1.215550850165272312e+00,-4.040822568155072458e-01,1.141683382136857938e+00,7.472793273092848132e-01,3.360050288918001726e-01,2.402425084311230197e-01,-1.392301838280010085e-01,-1.070507496307838258e+00
1.000000000000000000e+00,6.348085879619355110e-01,4.665458497539558547e-01,-1.056845557868684171e+00,-7.842880855324936284e-01,1.333579872926480947e+00,-1.118537703064961981e-02,3.641832582000661955e-02,-3.327354992053177529e-01,-8.883660105092229878e-03,1.193661982379625508e+00,-2.000544960688567908e+00,3.813545082255924146e-01,7.504793049016815765e-01,1.039724216922466971e+00,-1.282018007030650164e+00,1.782261546766628624e-01
1.000000000000000000e+00,8.204097615320641301e-01,5.454368414528606435e-01,2.887723492841379525e+00,3.840082758370514937e-01,-9.267713125630632209e-01,-6.350786731639365690e-02,-5.814726582120849363e-01,-1.065531898808577127e+00,-3.138053652770189106e-01,1.715279035236309424e+00,1.963500120184985542e-01,8.636916209413978418e-01,-7.819084905712023192e-02,-7.842828254548929179e-01,-1.997237739561716241e+00,-1.306335593924256910e+00
1.000000000000000000e+00,-1.760265104556003879e-01,1.320319073085040484e+00,-2.677443138457421545e-01,8.394879020874810305e-01,1.154125200904468684e+00,-1.027933693001422455e+00,-6.292949479495076881e-01,5.705882477361373661e-01,9.090318864542583643e-01,5.670679092454311565e-01,-8.386730121802201676e-01,5.844858746775728475e-01,1.308053039029585918e+00,-9.728505340681834479e-01,2.738352689297395282e-01,1.658671929928739186e-01
1.000000000000000000e+00,5.624738746463009420e-01,-4.044943278764043249e-01,-4.885400436018955128e-01,4.717600396222352277e-01,2.135795705268657585e+00,9.882588664517983901e-01,1.609259000171651133e-01,-9.936147014335156014e-01,4.912553910312579264e-01,1.540692993631610275e+00,1.918552332959465812e+00,1.558213027561289765e+00,-1.756234094142844204e-01,-8.174686975342511097e-01,-1.835251171055307662e+00,3.265490409636814251e-01
1.000000000000000000e+00,-1.274428753954914284e-01,4.184685090738489155e-01,4.194202466663435880e-01,6.101455488486202672e-01,1.626405165419677126e-02,-3.946572600109262141e-01,-1.336132720556428843e+00,2.562732109378900724e-01,-9.230209698937230645e-02,-1.314655157461430912e+00,-2.278864643267685341e+00,-4.466272809993110937e-01,4.176335452884830102e-01,1.974197867290145458e+00,-4.820020849619040537e-01,-1.049347444639652016e+00
1.000000000000000000e+00,5.541715609783133267e-01,2.473487496314577261e-01,-7.427453210334017397e-01,4.785149777107539637e-01,-1.287072763429973898e+00,-7.818282741069696451e-01,-6.014690207791185683e-01,-8.834138332234559021e-01,6.824508589003508430e-01,-3.883771592622123903e-01,-1.510545138889713535e+00,-1.791458013294381146e+00,2.159752765016584031e-01,7.135642819542730164e-01,-9.845177489542722427e-02,-1.355428222318850073e+00
1.000000000000000000e+00,-1.097344319221644104e+00,7.041103154081860271e-01,5.729116132588696342e-01,6.206305072103724951e-01,-1.553319613142579492e+00,-1.013073076199561218e+00,2.567334933763923410e-01,-6.851714448154280213e-01,-4.489653871843019006e-01,1.850560712986107637e-01,3.189380136481571593e-01,1.019579055551520064e+00,-3.141966590657814251e-01,-1.282481604651427798e+00,4.213043042007351136e-01,9.249724008570044120e-02
1.000000000000000000e+00,-7.313014000748006005e-01,6.319388533416328002e-01,-1.436804477000002134e-01,-1.770459172418651583e+00,-5.986606432831344943e-02,2.504692268160121915e-01,2.485780240874553848e-01,4.944360169872313304e-01,-1.874779715742472819e+00,-6.267974488930870836e-01,8.109542161397830240e-01,3.861746789600624674e-01,1.150181514483309186e+00,6.417440663171225523e-01,-4.300144144181232697e-01,4.011769219430856848e-01
1.000000000000000000e+00,1.404731919616813762e+00,-9.923621127193148483e-01,-1.568438470211393487e-01,-3.519093173891827964e-01,5.826455329232428371e-01,4.664429346625870165e-01,-1.066092516339226082e+00,1.860206916928498710e+00,4.191217276946525572e-01,1.095360257618630540e+00,-7.011373760386555576e-01,4.497730916170340487e-01,-1.621803279138523957e-01,-1.114303127044232289e+00,-8.294359070747234775e-01,-3.207768069583557535e-01
1.000000000000000000e+00,-6.202142094757919777e-01,1.766708368795121276e+00,-6.117291476217151525e-01,-2.265413878078743892e-01,-9.341281604055741150e-01,-2.196477239220849254e-01,-7.228703701918002267e-01,1.598105827407759527e+00,1.232631594685766885e+00,5.221039694389754127e-01,-1.727890362143585712e+00,-1.586957369736145429e+00,1.319324534209030730e+00,1.564731655028904100e+00,4.329904472610231481e-01,-1.287796435950354645e+00
1.000000000000000000e+00,2.371487650087387988e-01,-3.821036350729392628e-01,1.004020874422441451e-01,1.329307140921210717e+00,3.524140352718107411e-02,2.174824523363257267e+00,5.547115106368151194e-01,6.631887562889313692e-01,1.828385800824507745e+00,6.402206218396456761e-01,1.439043625073306021e-01,-5.958160050185087320e-01,-1.111310998013426143e-01,-4.425378643900946263e-01,-2.087187253969148559e-01,-4.007614259004984025e-01
1.000000000000000000e+00,-1.586846990031032689e+00,-9.114254200313506304e-01,-1.112905491679081482e+00,-1.655171381298827127e+00,1.576796029348342065e+00,-1.702852142835635796e+00,4.621518329373290324e-01,-3.038249952124968956e-01,-5.506989042720385891e-02,-8.657692818053305261e-01,-2.332451568484820381e+00,-2.868532087816748621e+00,8.032460323168710836e-01,1.927372647830802421e+00,-8.084746421029389563e-01,2.456357070205801740e+00
1.000000000000000000e+00,-4.014848098003585553e-01,-9.960899841182103698e-01,9.571721459348402350e-01,-6.091620819574258827e-02,-1.532254229690867664e+00,-4.661374563038979124e-01,9.787313795937273575e-01,-1.766633459519414695e-01,3.820746128572707789e+00,-2.162506374806670573e-01,1.720578094371907119e+00,-3.699062219824077458e-01,-7.040256817962881053e-01,-1.037803327934258446e+00,-1.528214815368365231e+00,-2.418328995890246247e-01
1.000000000000000000e+00,-7.706922689239383839e-01,1.195142630144119034e+00,-5.778855431935873144e-01,-4.703406362255708739e-01,-2.543424221561158549e-01,1.089016215986728930e+00,1.294972382311562198e+00,-8.945905974317239218e-02,-1.992168376652840633e+00,5.736148647078547214e-01,-2.898827905364885216e-01,-9.687288889790537372e-01,6.789744918969727872e-01,-4.169141580997898222e-01,-1.618192820364897366e-01,-8.096470209562030007e-01
1.000000000000000000e+00,-2.626805060665117209e-01,-1.594477824434308022e-01,-5.061377798485201529e-01,2.634811380321177010e-01,6.600617116639851956e-01,-8.254344673638156493e-01,-7.011023187511928878e-01,-1.398514337789787954e-01,-2.364849516540781238e-01,-1.864138266623452389e-01,1.408684443375893602e+00,-3.244956605385909687e-01,3.078299312933779897e-01,-1.284702897725084503e+00,3.608441266190332009e-01,1.636108339710320214e+00
1.000000000000000000e+00,9.764895436599702050e-01,2.704026048248760361e+00,-9.831370683411154721e-01,6.473359000416814002e-01,-1.229565834739674957e+00,4.042640587716685996e-01,-2.677899746613786380e+00,-1.001918006709665576e+00,-7.424365460823975083e-01,-3.564856175528900439e-01,4.299754680368257365e-01,1.383301796629165248e-01,-1.402166323953329963e+00,3.852707321643439875e-01,1.266492907987257999e+00,-4.471659314924309597e-02
1.000000000000000000e+00,9.778150411292801936e-01,-1.984999159654969869e-01,-4.372220527937959456e-01,8.142684646392237546e-01,-5.706276355836795711e-01,-9.412752117757454684e-01,-4.554186613696979413e-01,5.229740447120753144e-01,3.452666429031433504e-01,-1.294376886895026724e+00,-2.504020521017931600e+00,-3.250695539379003796e-01,1.107336676748145621e+00,-1.050777536552019775e+00,9.150755948805213702e-01,1.195139931776838527e+00
1.000000000000000000e+00,1.170021110265055064e+00,-1.414046140264174911e-01,1.640728491101454578e+00,-7.090925874356154290e-01,-6.822278061348051592e-01,9.248427614893769411e-01,-1.086641395522349313e-01,5.686179252370441306e-01,-1.072294816056103217e+00,3.742515013348192698e-01,1.318681406156405167e+00,-6.482911909652377958e-01,-7.786809239348847500e-01,-9.239797442865353982e-01,-4.822532450150714828e-02,-1.530859573842751620e-01
1.000000000000000000e+00,1.593108624154166986e-01,4.112679265573807030e-01,5.303665615391633947e-01,-6.699922299449361240e-01,2.545618639753736701e-01,-4.685934852593628408e-01,2.756173375713535934e-01,1.352353344707706295e-01,3.211740513933284968e-01,1.055327216839564430e+00,-1.729703155456093322e+00,-1.253520321951363814e-01,1.347637636971435793e+00,-1.918295518398366983e+00,1.189036168539809424e+00,5.998535620894646092e-01
1.000000000000000000e+00,4.995208514645311237e-01,-1.179059656670486955e+00,-2.122378154114131998e+00,-9.888750396522916208e-01,1.316922466365042510e-01,-5.959889482311087061e-01,5.073485929698062780e-01,5.575131928388188385e-01,-6.766353732233284513e-01,-2.649361715840367060e-01,6.207425784730826734e-01,-5.496439150884629976e-01,-2.913422601573606441e-01,5.897934053992986286e-02,5.830035718412318602e-01,-1.759633473516507118e+00
1.000000000000000000e+00,-1.055375070659330117e+00,-2.777755059718864938e-01,-8.503778048780828991e-01,1.036851743621652222e+00,1.644602940973647121e+00,-8.592511638075001068e-01,4.447965162263529670e-01,8.828835967651347261e-01,-7.565056072664491094e-01,4.401679076570956251e-01,-2.019064051329702014e+00,-2.829128996018873021e+00,-1.824924851865552977e+00,1.519550312804124559e+00,4.334765917693145787e-01,7.342550506505645114e-01
1.000000000000000000e+00,-4.507432028151859837e-01,-1.581053413802343766e+00,-4.240952125162344433e-01,-5.783491771826536343e-02,-2.360547550737372990e-01,-6.643020185721325299e-02,1.656022696567716890e-01,2.409349261643026097e+00,-4.432653126766202267e-01,1.089443830662082807e-01,-1.211878098448274876e+00,2.208052588699862262e-01,-5.982517061207314191e-01,-4.430246112371102885e-01,1.090470357424176528e+00,3.563370473356233248e-01
1.000000000000000000e+00,1.270378242169987182e+00,1.049022349784458630e+00,-1.029596460321772433e+00,-8.232545489669573779e-01,-7.069859250241976589e-01,2.001351740056763084e+00,-7.966675076613406459e-01,4.951712676889101217e-01,1.184437116955310565e-01,-1.275785350830499487e-01,-5.511613944707989265e-01,1.590401238103500203e+00,3.819810042920905313e-01,-2.107050365267594927e+00,-1.251126492204990059e+00,3.456494045439005847e-01
1.000000000000000000e+00,8.986936009230358513e-01,3.026890361713942545e-01,-3.490359810687104769e-01,1.956099418555260927e+00,-5.883312420309118052e-01,-1.143326070473729361e+00,-4.479884379344654111e-01,9.686909185997573113e-01,-3.827773751962142423e-01,8.689389340021106412e-01,1.059112285660422925e+00,-2.864834861336614580e+00,1.894233899210692462e-01,-7.469597994631489435e-01,-4.904934052371996006e-02,-1.522689696592383068e-01
1.000000000000000000e+00,4.387050978608311169e-01,-1.226502341058298473e+00,-6.732629899081423730e-01,-1.306376540735043612e-01,1.855048153758783069e+00,8.656938012576916863e-01,5.725475311221553398e-02,-7.445585807248049359e-02,-7.360034146897788121e-01,7.183797880684871240e-01,-4.909373633131031700e-01,9.119900551379087617e-01,-2.251480759275669985e-01,-1.583581795234195067e+00,8.525039769158145042e-02,-7.104698531012580975e-01
1.000000000000000000e+00,-1.247344316401996611e+00,6.960009509773791569e-02,9.898495343288780113e-01,1.535984918206284057e-02,2.084384363805965812e+00,-1.555789685452957594e+00,2.193420866028068517e-01,-9.427533826303370335e-01,3.258425356941167528e-01,1.285972996567287530e-01,-7.910315174849281705e-01,-3.687797828108777543e-01,-9.938142145307574116e-02,1.135194225964366449e-01,-9.235247731802466165e-01,5.498714631441261602e-01
1.000000000000000000e+00,3.246669169361016127e-01,-3.965162102932354160e-01,-5.772930291417912585e-01,-6.739455490433872153e-01,-2.277837691403942488e-01,-5.952956689796066181e-01,3.641225462982361494e-01,-1.168977064821604239e+00,-6.691685446395484460e-01,-7.107912789835769685e-01,3.304168223084918421e-01,4.203957131279220660e-01,-1.048206753038110950e+00,-2.607109994071152292e-01,-7.066825103775873362e-01,-1.023820570525299178e+00
1.000000000000000000e+00,3.900704100904584526e-01,1.388806761520534616e+00,-1.278513610645082954e+00,-5.250826605096460264e-01,-2.659136714072443675e-01,-9.520371742530271408e-01,2.981577936453935207e-01,-6.587976794255261392e-01,-1.891867633350662103e+00,-5.637474654387603090e-01,-3.714262835950037089e-02,-2.042469802839440296e-01,-1.983092694060293981e+00,-1.394870323621443253e+00,-9.829134694260882599e-01,1.440237967831331234e-01
1.000000000000000000e+00,-4.051383167736046786e-01,1.364422290490030720e+00,2.813873170706869820e-01,7.114711518862820716e-01,-2.178975343249938204e-02,6.014050909825833235e-01,6.115588507461019452e-01,-1.356309068807880047e+00,8.845043823717330111e-01,-1.785953268114466863e-01,2.420656760556157305e+00,2.643483142059839183e-02,-6.009143729936122780e-01,1.076147485672051957e-01,-4.605766469491779369e-01,8.213016412793654464e-01
1.000000000000000000e+00,2.923148772834499587e-01,6.581526372926658208e-01,-1.350291962854405003e+00,-1.266094195892580876e+00,-8.357044192078607603e-01,-1.074228756889760161e+00,3.787978964476874100e-01,-1.790412200259078768e+00,-1.569111485160045616e+00,5.259116055600291384e-01,1.603318809944439538e+00,8.462608278254206695e-01,1.373989928352837842e+00,1.599683427679625014e+00,2.628652508388188425e-01,1.223908351643049786e+00
1.000000000000000000e+00,2.565910242123806473e+00,4.913136689260885204e-01,9.286072655252280983e-02,1.299367891194858959e+00,-1.018327465787130626e+00,-7.432682310528433423e-01,2.236095107924498671e-01,-2.144268994674050521e+00,-3.715681333389646013e-01,2.235594796980105770e+00,-7.195605126189831280e-01,8.837511966931710372e-02,-1.174264988307229807e+00,-9.727040326700916451e-01,-1.425630780686241161e+00,1.401075305535977256e+00
1.000000000000000000e+00,-4.578156435803665270e-01,8.007337010870791971e-01,1.390197581742575350e+00,5.312412555666871095e-01,-9.450538132693131477e-01,3.751548018166949716e-01,-1.815389549994634866e-01,-8.451081655671308646e-01,2.884090289728084011e-01,5.334602925940215568e-02,1.525237763345379527e+00,-5.602527889723897259e-01,1.301043564767346838e-01,-3.954732099487435759e-01,9.513468436245492432e-01,-1.287865813293743722e+00
1.000000000000000000e+00,-1.610827014289158310e+00,-7.672689966765854352e-01,1.532712510323859523e-01,-7.196137258126809044e-01,-8.653978621455767906e-01,1.959865441265303598e+00,-1.372801283696023500e+00,-9.747221869329748822e-02,6.705055570996228953e-01,-1.396545607482931883e+00,2.123080900945045757e-01,-8.936397365461727915e-01,3.217244034684195064e+00,-2.685598277401888279e-01,6.026442311428840126e-01,-3.397621363673107298e-01
1.000000000000000000e+00,-2.669523782410901713e+00,3.644195040462128166e-01,8.013814802023200290e-01,-1.074391742825007295e-01,-8.087099333422520520e-01,-1.692889814382354752e+00,1.299984084265808360e+00,-1.520389893770408785e+00,-2.164961049498343115e+00,-1.994934633934316581e-01,-1.911482525989212844e-03,1.036745772346219674e+00,3.021313306783318664e-01,7.107801810271304754e-01,9.317062627102312700e-02,6.740948971589035832e-01
1.000000000000000000e+00,-7.596966485138149094e-01,-3.979138547670165726e-01,2.026796759101403833e-01,-7.685326644606564894e-01,-1.685750900246757000e+00,-1.691541954654519175e+00,1.101977363521805309e+00,-4.389611284173077776e-01,-5.177743005702449830e-01,-1.512112317182706445e+00,7.116472315736746546e-02,-4.183813920695395039e-01,2.426760335606266417e-01,-1.185061096935880798e+00,-7.122008654565753494e-01,1.391515008369668127e+00
1.000000000000000000e+00,-6.747208564319367996e-01,8.642795764097375155e-01,-4.214865750594285476e-01,1.038743528008975847e+00,3.581899358586397297e-01,-1.775784185515522917e-01,8.797974831028777531e-01,1.233061995261570898e+00,-1.045159120494545846e+00,-1.113359883900914227e+00,1.066670465866818462e+00,1.494683835140618422e+00,-1.171664223803069893e+00,1.612864196424056873e+00,9.978906074110878155e-01,7.501427725594865814e-01
1.000000000000000000e+00,-1.171687194533550747e+00,-1.776180782766641486e-01,1.218891369043510142e+00,6.398139906797012388e-01,-6.719334331017390305e-01,6.036415240157692041e-01,3.242740150065633042e-02,1.070278171938379153e+00,1.729149489595508626e+00,1.426220106430766466e+00,-3.670918060711544917e-01,-6.402093663866729178e-01,3.923520560197773510e-01,-1.843316782143177360e-02,-1.748382678808190274e-02,5.421952198735487949e-01
1.000000000000000000e+00,2.032930016155203745e+00,1.874380520469407951e+00,-1.751493095248649157e+00,-6.617282351046184230e-01,-1.021033380317307948e+00,8.085019284499240788e-01,7.631477316490127283e-01,1.515625747342166596e+00,-1.014556833798365282e-01,-1.290938169091188970e+00,-3.249969612634499572e-01,-5.948792643624358778e-01,2.032252826544627133e+00,-5.715064196531195462e-01,1.088349698585984182e+00,8.140789574961954100e-01
1.000000000000000000e+00,9.684810479644621051e-01,1.724002346911134298e-01,2.945546984820316183e+00,-1.706026257400505841e-01,2.498869449618786209e+00,5.187405949953137752e-01,1.271637383947786804e+00,-9.580603801189192525e-01,1.080451369256324679e+00,-2.621559812239637188e-01,-6.007759121794431501e-01,8.397401398318934951e-02,-4.801015462238903408e-01,9.621499396590538211e-01,-1.629874409746782105e+00,-1.064431906060946842e+00
1.000000000000000000e+00,6.702919969692303637e-01,1.271743494383972273e+00,1.861059750974854432e-01,1.100780392757900961e+00,-6.320462090777282382e-01,-3.664306364170586416e-01,4.552187471784311934e-01,1.924244047939883961e-01,-4.542043456568735094e-01,2.326618606215614005e+00,2.626424611358326167e-01,-5.032909601214183848e-01,1.321525169101781527e+00,4.823514247735368743e-01,-9.668707932717447440e-01,-2.531967392330303768e-01
1.000000000000000000e+00,4.201460416517939778e-01,-3.534436799576013560e-02,6.671739960017105675e-01,-3.933570062588279126e-01,7.837846553898032420e-01,1.111996280670510373e+00,-1.103705605292895298e+00,-1.648345203177281837e+00,-4.460065097099907838e-01,-3.580422821921246945e-01,4.748856768413897145e-01,-9.745908515237523828e-02,1.361058726391743967e+00,2.971296035386247758e-01,-1.852368439466109296e+00,3.898430605983734809e-01
1.000000000000000000e+00,-2.872751269668519569e+00,-1.501328836421835788e+00,-4.299759978763952883e-01,-2.223404104331851150e-01,2.405382134741929634e-01,4.937893055973727741e-01,8.197955051059501175e-01,5.394742887535248776e-01,3.011456895740791673e-01,-1.191178358730485276e-01,1.473757938348277119e-01,5.356471236926644286e-01,1.382872426623752871e+00,1.808466975776192587e-01,1.239689752643288401e+00,-1.280206023710098728e+00
1.000000000000000000e+00,1.685874080406988940e+00,3.653734111915923344e-01,-1.146583741345735818e+00,-2.590052207284849195e-01,-1.470453584851575624e+00,-9.212568316114436162e-02,-9.675309361932646901e-01,-9.484288064033860044e-01,1.004715733540751499e+00,3.605919145856032598e-02,-6.955064281627778566e-01,-9.364480951037805756e-01,4.721014112246431638e-01,-3.132748733258774454e-01,-1.919360938625776780e-01,-1.176507705457654263e+00
1.000000000000000000e+00,2.792455352399447061e-02,-1.986598560010201797e-01,-1.873306264888849215e+00,-1.262056547319222233e+00,3.348765058424807428e-01,-8.252886824045141401e-02,-7.086625192660811479e-01,4.992721041157423545e-01,5.287160960005411747e-02,2.021282636833542146e+00,-2.015047294457597005e-01,1.155201926260743139e+00,1.168214658310289478e+00,-1.316427691745497119e+00,-1.998364230812231801e+00,9.306730552673601886e-02
1.000000000000000000e+00,-9.020305812282076730e-01,-1.389721703257509988e+00,1.408074921416733627e+00,-3.289119191141527954e-01,1.599021390199914627e+00,2.090521942382659870e-01,-1.016345101146368252e-01,-3.484914058265911607e-02,4.645626670872192721e-01,9.314342443100793734e-01,-1.339901139989394085e+00,-9.861847768296909678e-01,-1.492625285410619451e+00,1.372819010138777385e+00,-1.857467364621791850e+00,4.789191567731309607e-01
1.000000000000000000e+00,-2.053257491526200962e+00,2.293278122273142150e-01,-1.476421759245519993e+00,1.739254551545117211e+00,9.909089247766660336e-01,4.482358336994817227e-01,-4.325943176305114823e-01,1.560781832530319546e+00,1.086406883944130763e+00,5.628887494301932914e-01,-4.074259318723208456e-01,1.826630964285269609e-01,5.378659130280554201e-01,2.495290449178561576e-01,1.114875073903545677e-01,1.710866869316756134e+00
1.000000000000000000e+00,8.908629767546388800e-02,2.711902369672302138e-01,-8.093758139765103721e-01,-1.587150701252985074e+00,6.698797001462536427e-02,1.516042654923157817e+00,2.854628314992656568e-01,6.891403206707813478e-01,-7.582179113837794748e-02,6.727497892452622974e-01,-3.160553118911466758e-02,-3.844348066008294040e-01,2.244162484586127881e+00,3.875166832733115130e-01,1.345860912146592758e+00,1.566462943746214642e-01
1.000000000000000000e+00,2.087099131649749584e+00,-3.663602202822812126e-01,-1.968922729245634051e-01,1.013977913503738115e+00,1.993144966698718656e+00,-5.753239394304608956e-01,-6.889503759059080190e-01,-1.115382409332830171e+00,-1.389811422409381825e+00,-2.803986987388262797e-01,1.605716188737060124e+00,1.305658970178881439e+00,-1.359571912320379106e+00,-1.870701470708939107e+00,-1.506555527049396659e+00,-9.296033893729783726e-01
1.000000000000000000e+00,3.651184603106785720e-01,1.376960391570493325e+00,-1.127700210111388657e+00,1.207766311570380946e+00,-6.332514615519262424e-01,-3.866106193266599100e-01,7.778344192128997525e-01,-5.281543057025663845e-01,1.015281602373489661e-01,-6.825397457758247688e-01,5.913303762335464508e-01,9.346346872120943061e-01,7.748411230924434623e-01,-6.581440774503356517e-01,3.008757295972785961e-01,1.143538762120839963e-01
1.000000000000000000e+00,8.461055261664820470e-01,-7.975327565627977622e-01,1.799247164265395382e-01,-1.555024419963917603e+00,-2.459179446072052855e-01,-3.324797900170575193e-01,8.035594634402531966e-01,-1.344699721184912544e+00,-1.450242342532962692e+00,-2.096022959664983060e-02,-1.774884426035024110e-02,-5.631141302374182978e-01,2.058039342651173609e+00,-1.231722267846834251e+00,-8.444860324113976358e-01,1.176786362277953968e+00
1.000000000000000000e+00,-1.845376570755234424e-01,-9.367406117805253674e-01,2.996349186986950464e-02,8.533899975812659910e-01,1.646455522732764853e+00,-7.304945489325784802e-01,-7.059604161978189074e-01,-6.995536070408241436e-01,3.794737077685929050e-01,-2.404339024078164522e-01,-9.301167629488074629e-02,-3.569940848244284037e-01,-1.103323003007091296e+00,-1.320865621660163747e+00,-1.633458519297865397e-01,1.672518502550992991e+00
1.000000000000000000e+00,1.030714423869546259e+00,-2.433465488853110443e-03,-7.110984609631847420e-01,-7.791753702831598627e-01,1.561129659220872323e+00,-6.994424099117337867e-01,3.753702318997415577e-01,5.728244143391848509e-01,1.173026414221976843e+00,-9.630412035271632143e-02,7.409275532697848776e-01,1.779773793860091879e-01,-4.068433128114473663e-01,1.323995853834576186e+00,-2.154937069119793602e-01,-1.036779406952028193e+00
1.000000000000000000e+00,-1.527622652429380556e+00,3.960861655252578273e-01,4.569010191303790047e-01,8.441471577985356634e-01,-7.584319629003620777e-01,-3.894719029317422199e-01,9.252355111158567791e-01,4.624144805138113989e-01,4.613470675271409971e-01,3.853941086562471807e-01,-1.218403722716635329e+00,-1.680208379186619139e+00,-2.072305210867090297e-01,4.809099504135734837e-01,1.130412429310240774e-01,-2.248523825401020915e+00
1.000000000000000000e+00,9.649389592091148771e-01,-5.086931722755140273e-01,-1.077241620629365570e+00,-6.430001510997360725e-01,-9.039828470719264430e-01,1.585726272977130424e+00,1.055904222438358575e+00,1.656713775293971347e+00,2.170599527877765389e-01,-1.898018686146875300e+00,-6.379255447508458410e-01,-2.686364761209324992e-01,-5.084239485204218312e-01,8.165770974598327570e-01,-7.290599352566646818e-01,-1.048545206128067842e-01
1.000000000000000000e+00,5.261625033575227928e-01,-2.682857787461976895e-01,-6.836311268530613772e-01,6.981236269524258020e-01,1.132965972421417167e+00,1.613381959842445479e+00,2.320310986461235458e+00,-7.153466195746923662e-01,1.305737715316443337e+00,2.974087515774794799e-01,1.500920179043415459e+00,7.486138358173115570e-01,5.143987780121042075e-01,1.755906305756339103e+00,6.938055321308541634e-01,-1.630974613265311346e-01
1.000000000000000000e+00,-1.844541173958083591e-01,-1.082140453620969334e+00,8.132771525365261045e-01,6.231863511410301593e-01,-4.923465221880682363e-01,-1.006807087829474590e+00,7.553504734945197807e-01,5.063474723327568983e-01,-6.749443821595191295e-01,7.691192004694211715e-01,-1.435821164309357023e+00,-8.021723145169695757e-01,-7.096560661538520165e-01,5.937890751088649166e-01,3.261841921289508894e-01,2.057990516695158145e-01
1.000000000000000000e+00,1.987828283092677450e-01,2.014133720291204188e+00,1.370117997833368018e-01,6.258258103769805958e-01,-3.365889530446111166e-01,1.132134935296655598e-01,2.842647195537873372e+00,1.434788427649192455e+00,5.785519840493520416e-01,-7.081737386177338056e-01,8.764430430932654836e-01,1.788307067835350761e+00,-1.393146444845069665e+00,-4.828804183882429157e-02,2.552934372855024114e-01,1.212298243954241350e+00
1.000000000000000000e+00,1.590426839946390780e+00,1.944031125575936825e+00,4.037880722090316787e-01,-1.408990329354093518e+00,5.907670533277466912e-02,-2.447053057328787862e+00,2.246434778259691345e-01,1.683268942483054642e-01,-9.506380715928248737e-01,6.595478198600764896e-01,-1.559200108628853831e+00,6.939740856045550910e-02,-1.004783980573205282e+00,3.902890770380274543e-01,7.409044447669745903e-01,1.769739982133927247e+00
1.000000000000000000e+00,3.219163989875344772e-02,-1.521529416347976227e+00,1.288722791201203366e+00,-1.170418976361833563e+00,-9.919255623027243285e-01,1.437857051659388485e+00,4.884058573224818733e-01,6.253084117347540438e-01,-6.412923830837771733e-02,1.615855455863286494e+00,-1.559900577988488912e+00,-7.051200383332402177e-01,1.283275067259324498e+00,-9.957541796186432093e-01,2.212516494239742393e+00,7.312359271957448170e-01
1.000000000000000000e+00,8.891636714121640139e-01,1.939318426295916664e+00,4.503434667605369923e-01,1.361878948028964142e+00,-9.972399212486474651e-01,-2.481156148598923777e-02,-2.299286314537950737e+00,1.555311725552271263e+00,-4.796043210149215641e-01,-2.172559878591930893e+00,-1.107700478999289251e+00,2.322059874561159809e+00,3.215567148480898835e-02,1.437173221180264859e-01,9.529235704732610390e-01,-6.604073532650132083e-01
1.000000000000000000e+00,-1.299152489916810538e+00,-8.958403606572922229e-01,-1.196411002241334481e-01,-1.057518547589823416e-01,1.105069877575406645e+00,-4.370497528376562357e-01,2.094848684188435062e+00,-1.273501510231429476e-02,-1.163542423068943510e+00,-1.124677970986488612e-01,-7.429640877754100092e-01,-1.176338090006566528e+00,1.573877328795603825e+00,-1.275689605804948501e+00,-4.705281275101041438e-01,7.561401863648949950e-01
1.000000000000000000e+00,1.182573104357096172e+00,-3.041575827430644252e-01,2.998809829942911676e-01,-2.359715521611587263e+00,-1.148195956064138157e+00,5.880501707166443381e-01,-1.484707088292664678e-01,-2.315283562999991940e+00,-1.263204682940949120e+00,1.505566403089285021e+00,-1.108651549981010564e+00,1.430817721451544511e+00,5.124860059875115947e-01,-2.544486686382496643e-01,3.995656006066113375e-01,-1.536399332118548733e-01
1.000000000000000000e+00,1.817471706212131721e+00,5.552531231778837784e-01,6.431044683594970834e-01,-7.779085137621407631e-01,-4.735626132904247054e-01,-2.995020618312166927e-01,1.095877181792081073e-01,-1.541045677705910721e+00,9.180338530947208531e-01,-2.997432180079961372e-01,8.681608040349301225e-01,-2.389811083718501872e-01,-2.972046833442558711e-01,2.492349751378855893e-01,-2.786332354765816532e+00,2.336361594692994426e-01
1.000000000000000000e+00,-5.843021298598829461e-01,-3.242468507015040524e-01,-1.775968203889320307e+00,-5.908117375611830757e-02,3.335653085104494653e-01,2.013933634911693193e+00,1.985066862233925977e-01,-3.763610036213325127e-01,7.349000099298200750e-01,-1.440664959511120058e+00,-7.057889263458083651e-01,8.925195167157168319e-01,7.642381991040751998e-01,-8.915303006711071676e-01,-2.866706891153149028e-01,5.764397497063015186e-01
1.000000000000000000e+00,-1.010673816552338344e+00,1.338814367146402562e+00,-2.013434389078127551e-01,-1.159160361728799771e+00,-2.423866018338203532e-01,-9.567816702631344317e-01,6.463965620511482602e-01,1.756686428101278619e+00,-1.423130129917841824e+00,4.076634579279995729e-01,-7.655005024054089002e-01,1.832439791439096355e-01,4.368568240549012410e-02,-6.503700237722560562e-01,6.326875899592218078e-01,-9.813759735307465704e-01
1.000000000000000000e+00,-9.604983124997801269e-01,1.222298513472372727e+00,-1.236394333069878559e+00,1.466679523037839106e+00,-4.450717247148001654e-01,-7.971706451170011976e-01,-2.538144536484159719e+00,1.221186780691979168e+00,1.070354072061075745e-01,4.268461267764397937e-01,-3.414311961872432133e-02,-9.791978693095811925e-01,-1.403583663802962789e-01,-1.703000820002400773e-01,-1.448993050222159740e+00,-1.314207278757309361e+00
1.000000000000000000e+00,6.911595843980906650e-01,-1.595978162782559551e+00,5.761868693723992685e-01,2.552001987311957043e-01,7.481844838846545276e-01,1.213951761597217960e+00,9.397185125468701106e-01,-3.186609523152796331e-01,-4.221491143611374453e-01,7.002899488167947384e-01,2.503708529366633351e-01,1.291042393043912107e+00,-1.126335172193985379e+00,-3.170308492280281554e-01,1.775791784006743868e+00,-1.305869583984441862e+00
1.000000000000000000e+00,-7.586182070138520750e-01,-1.067730320444425285e+00,9.335440517683331052e-01,-1.462521930723447161e-01,-2.271209456430297369e+00,-7.633046458831871037e-03,-5.374660376992085320e-01,-2.902373145451940806e-01,9.765756123755600093e-01,6.779528912012831032e-01,2.563881991010526828e+00,-3.540774972676648535e-01,7.698478286134041726e-01,-6.613133884273096896e-01,3.063173152141729361e-01,-5.742800022994581921e-02
1.000000000000000000e+00,-9.697173275530578118e-02,-7.599192122995741538e-01,1.131390209428858817e+00,-1.085477907787974206e-01,-1.080590728354557495e+00,1.534937566655694585e+00,4.110989434219026184e-01,-1.667149793954928461e+00,-5.127557910912260430e-01,5.104965610383181002e-02,-3.349095923823875443e-01,-2.053705178889040639e-01,3.096793733077081168e-01,2.148182077770767751e-01,-8.342470259666522336e-01,7.321801692431047226e-02
1.000000000000000000e+00,-1.406949045017439115e+00,4.209888044686485031e-01,-9.063740557076270798e-01,-1.450382953509065098e+00,8.221840509801679742e-02,-1.159041031615304224e-01,-4.942516922320893125e-01,1.610284292061541445e+00,-4.960170700781178499e-01,-4.120987868622221773e-01,5.458292906153539015e-01,-1.397790696911881403e+00,6.240675027752377035e-01,-1.311326098534835727e-01,-9.489856306000843400e-01,8.118356112990329221e-01
1.000000000000000000e+00,1.030812456224556639e+00,-4.333730583252424218e-01,-5.153798326492257109e-01,4.750280119893224851e-01,7.322570923938207521e-01,4.724816027472630298e-01,-1.128743582093720832e+00,1.495111186980912832e+00,3.246584885900162809e-01,-7.270494213219306223e-01,-6.914210464679330093e-01,8.520775800327881067e-01,8.024894526495376379e-01,9.638584905799957303e-01,7.490942129520661297e-01,-9.655524079795486658e-01
1.000000000000000000e+00,-7.598744040108182940e-01,7.062519902403372463e-01,1.181515789551094153e+00,-5.868083034557448618e-01,-9.624360918948661192e-01,-4.574630573241261211e-01,-1.398055134453237702e+00,5.479326197444006619e-01,-1.462581251126083559e-01,-7.092163532107412793e-01,6.550337656966842559e-01,1.002781368377029914e+00,7.268304699487240783e-02,4.932684684157059296e-01,4.480245595719768437e-01,4.661820401283866544e-01
1.000000000000000000e+00,8.741272250879559280e-01,2.278569073147686253e-01,2.005317269043402628e-01,3.051444419136429276e-01,8.760354221790044305e-01,1.517471172915513256e+00,-1.193622487469998994e+00,-7.669742190240841362e-01,-2.433915826864690157e-01,-1.026968282406256261e+00,1.528343237108452879e+00,-6.799529528729729606e-03,4.047697959523224864e-01,1.304328760611382920e+00,-8.388360220200664907e-02,1.204795978446287608e+00
1.000000000000000000e+00,7.611269950601206036e-01,-1.016991851256682677e+00,-3.643304833288384392e-01,1.017416559420660782e+00,-6.331724095345023784e-01,-2.582477985199693737e+00,-1.179613201310068193e+00,-8.441529838443484479e-01,-1.187696100325066562e+00,9.040248362617484545e-01,9.660489695784341135e-01,1.618272764375028983e+00,-1.490319992190137222e-01,-1.509990430822559571e+00,4.232029058179736514e-01,-1.679874576924633989e-01
1.000000000000000000e+00,-1.659234548456740288e-01,1.398603725636782535e-01,-1.790966439114113351e-01,-1.304730954304464063e+00,8.360555424223872212e-01,-9.699567016985507495e-01,-1.935455377920523690e+00,1.024093820901759155e+00,-1.666137623032746706e+00,7.493906341691725093e-01,5.555907565800978498e-02,1.962242617536586603e-02,1.338797909621963211e-01,-9.636326067450552424e-01,2.741579541479057802e-01,6.422523639349475566e-01
1.000000000000000000e+00,3.009074373645483358e-01,-7.480888382358887867e-01,1.689256731885339646e-01,4.432408328992945568e-01,-1.958655894398322772e+00,2.811992352114108806e-01,-1.338928253392403178e+00,-1.397562969415206691e-01,1.169393441750180562e+00,-5.628450015514935290e-01,2.596233407252027003e+00,1.731800786140086645e-01,-6.415318962873842734e-01,2.113842969909686342e+00,2.656026793788567320e-01,6.717136259140019661e-01
1.000000000000000000e+00,-3.224673273593682832e-01,-6.289749331373215568e-01,7.965520886416732615e-01,-4.005612933148078314e-01,-7.795367487432927067e-01,7.765574890818739417e-01,1.119280724679442951e+00,-1.201916320090903767e+00,-4.212337753507494620e-01,-1.626820016532211644e-01,1.152957861079324742e+00,5.854019086151480700e-01,-1.315632944038941821e+00,-9.234471761289706482e-01,1.137835883706919349e+00,8.923610324994545040e-02
1.000000000000000000e+00,-3.684112848345077462e-01,1.394830654171147044e+00,-4.645123121112169629e-01,-6.212039413093823903e-01,1.224103752976759996e+00,-2.399981076597848262e-01,-8.722141091751593744e-02,-2.918512990924335693e-01,-1.747190069154335612e+00,-1.980053782124004957e+00,1.730457773637688046e+00,-1.686185813716745585e+00,1.120647674615528278e+00,-5.057834341750470086e-01,5.426441201075200560e-01,-1.300034451355726595e-01
1.000000000000000000e+00,1.147895277329864960e+00,-1.647691140049440950e+00,-8.144493257496733252e-01,1.200153849377824322e+00,5.763362917606302815e-01,4.802096941582274514e-01,-7.451925133259059697e-01,-1.133978043942109881e+00,2.920485494899774936e-01,-9.145180599498230478e-01,-4.432421966406149827e-01,2.555100686486097006e-01,1.027123997563569313e+00,-2.182859045304726742e+00,2.145587835092841178e-01,-6.208647886485123280e-02
1.000000000000000000e+00,4.143026034158924648e-02,-2.014985843866204274e+00,6.737167781455333238e-02,1.000334986915581093e+00,-2.938219768168118140e+00,-5.500844660726488256e-01,-9.800891338096938687e-01,-2.090941784215553934e-02,2.154697473695164067e+00,-1.267473583240550594e+00,-3.734643344759637218e-01,2.532908606727166112e-02,2.010629043681223110e-02,-4.953876590798769741e-01,-3.550605439506943628e-01,4.376889287784714311e-01
1.000000000000000000e+00,-1.098049653652398261e+00,4.917168807862565272e-01,1.841495506705290996e-01,-1.069508530122528604e-02,-1.104896951071860034e+00,3.396906419613859307e-01,5.642544659535154994e-02,1.162801222998292722e-01,2.572767438151042918e-01,-2.522410310014393531e+00,1.571861271662249870e-01,-8.115516851691492173e-01,9.181385667189896349e-01,-1.197807062004182299e+00,-1.460090627349274417e+00,-2.034693381805729118e+00
1.000000000000000000e+00,1.566723745595097750e+00,-1.554975275090815456e+00,-5.601437410247592924e-02,-8.323448287349701769e-01,-1.547501875985669129e+00,-6.453503403386051662e-01,-7.685536470945452114e-01,-6.421845061549649181e-01,7.350061962195111320e-01,-1.383655065717807719e+00,1.515462683230367480e-02,1.088055903161472493e+00,1.627876239680136061e+00,9.573059897259911244e-01,7.427368118403609998e-01,-9.832460973822060302e-02
1.000000000000000000e+00,-1.048423448292328919e+00,-1.406090806830323225e-01,6.743262675024026542e-01,-1.181208208461757447e+00,-1.434384788829003776e+00,2.109215759162713866e+00,4.922389393725213336e-01,-5.070637001723877768e-01,2.179307316002264405e-01,-6.678437704068369320e-03,1.174678850647954187e+00,5.930934389915624161e-01,1.994966270612198445e-01,2.435288835345855496e+00,4.978242324782364836e-01,-1.207210571281235101e+00
1.000000000000000000e+00,4.227236846790048963e-01,2.449436687952653013e-01,2.557544793506925096e+00,-7.665619726242650644e-01,1.280145093172946058e-01,-1.747637563881685244e-02,1.851306508189112687e+00,-6.245660393507939112e-01,4.034612630888872453e-01,7.776757814615657960e-01,-7.939762260080331924e-01,-7.313536729224676680e-01,1.297561930854069789e-01,1.220371654001675410e-01,1.510754063584895501e+00,1.157117854981144056e+00
1.000000000000000000e+00,-8.444143782035650192e-01,-2.674584999689633147e-01,1.177169531559526527e+00,1.255889683952277347e-01,1.116575112209361675e+00,1.721011942174708875e-01,-2.074161746170340506e-02,4.002887317149314006e-01,3.455096382482581441e-01,-1.801956657988471378e+00,1.457947066416485526e+00,2.184330377801944501e+00,-1.005528870495273619e+00,1.777372370449377681e-01,-7.951261143065332382e-01,-1.431267170964455993e+00
1.000000000000000000e+00,-3.116297561998729315e-01,-5.702454799003430219e-01,-1.298539018475246776e+00,1.233428603060560791e+00,-1.372281005376419172e+00,1.758279845685079001e-01,-3.253259203899426799e-01,-6.395259856260735454e-01,-2.569496865956032682e-03,-8.841144381575622990e-01,1.049604842855045295e+00,-9.709739820057917692e-01,-4.116382036489447992e-04,6.748923235160702028e-01,9.441628626569120719e-01,9.632991649525963762e-01
1.000000000000000000e+00,3.978104839547906280e-01,-1.872667868883678144e-01,-4.101147251693384455e-01,1.059861812154058391e+00,2.074836024204313123e+00,1.815996149875500620e+00,3.665000288727713884e-01,1.407923327958748638e+00,-1.082427746531024138e+00,-2.647465923982094682e-01,1.481296614706927084e+00,-1.777150930597960921e+00,-2.614324188565826379e+00,-2.094095769368491122e-01,1.351100706487855962e+00,-1.227286130651011609e-01
1.000000000000000000e+00,1.049785961792583100e+00,1.208556647966843034e+00,-1.847284254945943616e+00,-1.755406681335649033e+00,1.485758136953815534e+00,-1.322306872114447363e-01,5.427081233842063757e-01,6.614944610095883082e-01,1.094656653300494886e+00,4.875369730746458297e-01,-1.867767301800443924e+00,1.390886842180978578e+00,7.530028247001027131e-01,-1.033313243474393711e-01,-2.309638347554492793e-02,1.307423958748281434e+00
1.000000000000000000e+00,-3.407955626285528727e-01,-6.388546603977752758e-01,-8.990619649329922858e-01,-5.546395478021407532e-01,-4.359846136385617937e-02,2.604894109099046839e-01,-8.387191459223162227e-01,-1.237344048869559954e+00,-8.262242249674570660e-01,4.575522584737898302e-01,1.949483765815737957e-01,1.136775362078499940e+00,3.556587656359104233e-01,-7.362292518392911100e-01,1.774045010730176175e+00,-3.063649093658958322e-01
1.000000000000000000e+00,3.362969994351168168e-01,6.055402985160749374e-01,1.173296145466845353e+00,-2.603043304980947048e-01,7.501014648973762799e-01,-1.838061670675005033e+00,5.055205032886512795e-01,-5.855165904824626288e-01,9.311240873079701386e-01,-2.384732147023604365e-01,-1.150819494051999736e-01,-2.105509421990315808e-02,1.281881637622940495e+00,-3.682890630365345808e-01,9.365478470908829012e-01,-5.855349779998548776e-01
1.000000000000000000e+00,-2.213607822845097828e-01,-6.244805440885077275e-01,1.611950351825354399e+00,1.302974066590168567e+00,-7.286893473560036583e-01,-1.911657189905486387e+00,-1.176909169487779100e-01,-9.914911740349946490e-01,7.709749436211179585e-01,-1.249067118792036357e+00,-8.067056339959405298e-01,2.329824782496857372e-01,1.035698102227698092e+00,1.255461399471831996e+00,1.199477643495204582e+00,1.123020770197281221e-01
1.000000000000000000e+00,1.664949388536385994e-02,5.722281217300566603e-01,2.318209579979266355e+00,-1.358675351399476927e+00,-6.481863104299837586e-01,-3.002567707631243477e-01,7.760637679527550015e-01,-1.432866400865496104e+00,-2.165473165827561941e-01,1.407023947490606330e+00,3.609212747471804983e-01,9.666043168873764690e-01,-1.484579778853435950e-01,6.486139876937461191e-01,8.323419592644902831e-01,1.112899481698121473e+00
1.000000000000000000e+00,-1.192361239784686555e+00,-7.244104959522232878e-01,-8.146667611690332489e-01,3.599748359675419285e-01,1.389274538890411803e-01,2.155180140967830393e+00,-1.136156594611854365e+00,-1.704462782275824484e+00,1.114111103454210383e+00,3.027221380094066716e-01,-7.405923462553745118e-01,1.243670797621552415e+00,-3.783337307547759293e-02,-2.162092579223578656e-02,2.451780690554349572e-03,5.874194939427910406e-02
1.000000000000000000e+00,-1.316462966532312429e-01,1.192195505530893485e+00,8.530685194551089756e-01,1.314539811504351396e+00,-1.536344047990569617e-01,-6.068220219555606754e-01,1.762531329932409685e+00,-8.769846344644773861e-01,4.996425984715413549e-01,1.288666046081742289e+00,-7.426090925363175721e-01,3.233004457027374712e-01,2.506512184107057561e-01,-7.468177901285284470e-01,5.466025688384788112e-02,-9.882976894171251470e-01
1.000000000000000000e+00,1.487524302651324959e+00,1.867467370685756967e-01,-5.740052950873456572e-01,-1.212524625733357286e+00,-1.146451389616484295e+00,5.340444183216273011e-01,3.265101377897264290e-01,8.122511808328430893e-03,4.832537017238643373e-01,-2.500845856349485086e-01,8.361857481223778921e-01,1.727869459915809536e+00,-1.506876948593897536e+00,3.450495780918227395e-01,-2.662939135496582010e-01,-1.478566359629247984e+00
1.000000000000000000e+00,-8.368212306750957286e-01,1.594938882263684299e+00,1.362962099215506484e+00,5.937727446708001011e-01,1.365443351338334388e+00,2.755769172468754968e-01,1.726860005839652601e+00,-6.728485341949439480e-01,-1.051342678933590902e+00,-7.715910197400586146e-01,-1.289061140180610243e+00,-1.698412839765612858e+00,-7.320652381695305078e-01,-7.725023227870099207e-01,9.570265114307763277e-01,-1.356367578580450726e-02
1.000000000000000000e+00,-1.300981902783355570e+00,3.213070556917246856e-01,1.148563843982381316e+00,5.972491130881086852e-01,-6.324391927260837321e-01,-3.314408497698144163e-01,-1.790953296436873995e-02,2.166671241703942652e+00,9.876547555595353856e-02,-2.148225846056004973e-01,3.647702477984110514e-01,-1.386071912688971786e+00,9.127422204340671086e-02,-1.944847861094183283e+00,1.157302270992932453e-01,-6.415759363344624155e-01
1.000000000000000000e+00,1.574131855051828177e+00,8.668407331817262751e-01,-3.788035298812787999e-01,-2.944850301792812375e-01,1.959652887070178595e+00,5.930973571813390466e-01,-9.224173466400678034e-01,3.896810327942659691e-01,-9.585191125755653241e-01,5.667536742564482921e-01,1.952586322014269737e-01,-7.988394844717084942e-01,-2.948179553376754081e-01,-1.791440390391209891e-01,1.474576026423409569e+00,2.119234437649372138e-01
1.000000000000000000e+00,1.166039963938919177e+00,1.291843576102918778e+00,-2.380475566600173565e+00,-9.359590505874931798e-01,4.316313050664217221e-01,-1.610893052583060925e+00,3.113263618035360669e-01,8.798281498862956518e-01,9.818519591979198990e-01,6.359423652845949682e-02,1.359758293451500011e+00,8.064409366656410949e-01,5.255972790019890484e-01,2.595634558079992216e-01,-1.188355978680170510e+00,-5.330010525176943625e-01
1.000000000000000000e+00,7.864296949063723785e-01,4.343126534524426319e-01,-8.162999530160369721e-02,-2.654770920637882781e-01,-4.026936426299919380e-02,1.264868413157721916e+00,-4.505913521553869816e-01,3.292267461633391901e-01,-7.729265913994716186e-01,-1.246766155065557102e+00,1.786908546071933834e+00,1.622476701341012129e-01,1.737820985810302643e+00,-4.565676959495497678e-01,-7.447240486706359075e-01,1.108250826307640935e+00
1.000000000000000000e+00,-1.461638754664401185e+00,-3.862069293354720156e-01,-1.223518447543685106e+00,1.787028894988708982e+00,-2.815045741244396882e-01,9.678027671750247252e-02,-1.494679942456301092e+00,-6.069624665857765722e-01,3.048152798453019896e-01,2.858988381499557030e-01,-1.048173847943482562e+00,2.293523350405044653e-02,-2.014380842424878360e+00,-1.735017689391509466e+00,-9.391940072095055214e-01,-9.172434961282333044e-02
1.000000000000000000e+00,1.554465917946397768e+00,-1.125637598117230215e-01,-1.084040472937157107e+00,3.474071660522826122e-02,-1.227824177309681630e+00,2.496146594872617475e-01,-3.469904066102620366e-01,5.400188765618249009e-01,1.601250966449967728e-01,-8.705864262457241320e-01,1.388736422106234825e+00,-5.153067328665312807e-01,-2.143012004975027585e-01,-2.558552893609300494e-02,1.449274788203283038e+00,1.633128928151186932e+00
1.000000000000000000e+00,-5.975353838636080495e-01,-9.643330792492512682e-01,-4.406526370185000485e-01,3.254778648515533335e-01,1.159357765758575409e+00,-1.861685362165539814e+00,-4.488245325562532639e-01,1.843545537082605934e+00,3.455895283290958409e-01,-3.435874044818674200e-01,-2.528538739540285296e-01,-1.766916427017616753e+00,-1.070549915303118604e+00,1.059095806414448671e+00,7.868255186313245497e-01,9.145301204682794172e-01
1.000000000000000000e+00,-1.210567873192355703e+00,-2.057251192970939613e+00,-1.522343193095099467e+00,5.651070893241393334e-01,-1.274742750661123525e+00,1.142293703444700492e+00,6.234547256410379878e-01,-1.925617429257275304e-01,-5.712057078902635920e-01,-3.078791583828467959e-01,8.474781581733520364e-01,-5.217905520601163749e-01,9.308993649216604771e-01,-1.252810179002384894e+00,-1.044361669490689454e-01,4.914714978169462678e-01
