1.000000000000000000e+00,5.653481718773073483e-01,-6.021902532456256951e-01,-8.333194374527451709e-01,-7.497157686847678859e-02,3.285013745256382470e-03,-7.281234366695012172e-02,-8.693779384327642024e-02,-1.428393807296684248e-01,7.933353281297756965e-01,7.077586934722068790e-01,-1.388108878593091067e+00,7.568369247277899614e-01,1.552563930979084184e+00,-7.284258563868502012e-01,-9.215921915577386381e-01,-2.205554673793769238e-02
1.000000000000000000e+00,-1.341092541397400084e-01,1.598577481480448759e-01,5.776293107864033383e-01,-2.858842872437157845e-01,8.892332207932863997e-02,-5.233123305028785088e-01,-5.009897740227227114e-01,1.898236371979767911e+00,-2.490637156271850727e-01,6.807697254932479347e-02,3.547500614883252745e-01,-5.511661817096555893e-01,-9.661228446968065375e-01,-7.442453343008007538e-01,-5.744953282876246181e-01,1.337194626030489442e+00
1.000000000000000000e+00,9.969917796858281944e-01,2.106872344548973874e+00,-4.587177256637797740e-01,-9.585968266906299551e-01,-1.070231718020644207e+00,-3.343459523179658031e-03,-4.377258088867785335e-01,6.785852557639882043e-01,-1.473962621465294776e+00,-1.413841166641953695e+00,-1.495968893257185461e-01,-5.645181346249288357e-01,1.263656207091127213e-02,3.442437995694634933e-01,1.534735377777602272e+00,2.698123968610978696e-01
1.000000000000000000e+00,-1.395208656553480753e-01,5.236236863071822567e-01,-6.829119438746555915e-01,1.324636381449070699e+00,7.485701014016513111e-02,2.459759884446423017e-01,-5.325938933061787894e-01,1.762952016962006319e+00,1.491557996040141054e+00,1.473404771585921313e+00,-2.851456174674841249e-01,-3.204108195232478473e-01,-4.640679318139715459e-01,9.152345397624506163e-01,-5.710772816543098207e-01,-2.289481673513478643e+00
1.000000000000000000e+00,4.227398629837567090e-02,-6.779836550268059092e-01,-2.106223797868488568e+00,3.286771296231210115e-01,1.589647608312939539e-02,-2.478429866726532982e+00,1.120927552271787198e+00,-2.021198359924033794e-01,-7.840769337148194573e-01,4.262052960151856418e-01,-1.217413234053413840e+00,4.786083160103766360e-02,-1.575779088377656512e-01,8.521653063856537980e-01,-2.565993464071828267e+00,-2.082046066308121113e-01
1.000000000000000000e+00,1.125916370774783459e+00,1.345065137691695833e-01,-8.842928102049807393e-02,-1.880152719365395242e-01,-1.733539341323321548e+00,-6.374155560261897113e-01,-8.002753987928810098e-01,-4.741838658509221482e-01,5.363920883282418117e-01,1.231518363378614866e+00,-6.780858981820991893e-01,-9.538269778148715794e-01,-9.879804638486845425e-01,5.176581719095611073e-02,-1.906669263879123555e-01,1.099270013210786212e+00
1.000000000000000000e+00,-9.695101788673126109e-01,6.441286474234092507e-01,-5.284657336879112766e-01,7.192400440005131124e-01,-1.511180177021623772e+00,-6.610071857390381611e-01,-3.138005216725548996e-01,-1.257496880017297203e+00,1.380473252875863699e-01,-1.429245903924424965e+00,1.989817525563167822e+00,3.622904123550156341e-01,1.837682798575474230e+00,1.305591739779539129e+00,9.745422257505458319e-01,-1.536804438395873218e+00
1.000000000000000000e+00,-1.122267581566149586e+00,4.126963330304240229e-01,4.964334164728439469e-01,8.390116877435788156e-01,-6.874781425105797039e-02,1.221885571040573826e+00,1.099648979679293204e+00,1.016093145659697106e+00,1.476062093199862257e+00,-1.186272543863839291e+00,-5.375047159500085936e-01,1.495875876910811586e+00,6.966838107890772624e-01,8.698615981254064211e-01,5.795615582762366769e-01,1.986689443605235805e+00
1.000000000000000000e+00,9.407960522393943315e-01,3.847130576679524405e-01,1.347888005257310118e+00,3.531302849312712988e-01,-2.529513677816772055e-02,6.659809020839335680e-01,8.102315770865060607e-01,4.529063845583231607e-01,4.220438946381453449e-01,4.398923038872178393e-01,-1.910915852050238672e-01,5.672345626479393665e-01,4.878360770247263112e-01,-2.849486270123686271e+00,-5.342442723096542112e-01,4.745239614156005481e-01
1.000000000000000000e+00,-1.732027329827905970e-01,-1.331769025890040641e-02,4.265755285160966470e-01,-2.466747374250696900e+00,5.272974973424110479e-01,-7.607223452751905590e-01,-7.531317545479754294e-02,2.094389001953484986e+00,6.277999358160730736e-01,1.313168160440316257e+00,-1.735874509295764201e-01,1.419919784557615861e-01,-1.957742267826213967e+00,-4.671107976766280534e-01,6.481919954872423784e-01,-1.649145585949269188e+00
1.000000000000000000e+00,8.607316593069366806e-02,3.565629538502684825e-01,-5.311542766045708464e-02,4.304701188036071935e-01,-6.148459342117090776e-01,2.880830540067061962e-01,-6.415928890367497694e-02,4.898661087610666209e-01,1.459136596922420814e+00,1.439044100695693773e+00,-1.184668960570504526e+00,1.781670473726111981e+00,1.436368018594331275e+00,-1.227403355405711771e+00,1.698723406455139084e+00,2.633039360656199146e-01
1.000000000000000000e+00,-1.575646738071847797e-01,9.821181189124986721e-01,1.454483680518360023e-01,2.830359760488118104e-01,9.614082941030007712e-01,1.291423359865206733e+00,-2.125493987559993414e+00,8.983311867768841719e-01,3.925240109892663698e-01,-8.811935856864661076e-01,-2.269180562335725015e-01,8.846966998342147281e-01,2.583771411551650132e+00,2.357551709317551314e-01,-5.327307874246253044e-02,5.781889231286232445e-01
1.000000000000000000e+00,-4.263355061526942213e-01,-1.230754448165431780e+00,-1.017697397101764212e+00,2.728132623291382064e+00,3.494873354261986420e-01,-1.390806800093780549e+00,-9.727476722781307483e-01,4.287422437075741333e-01,9.952323454299809580e-01,-5.749044543138022156e-01,-1.141269982770454355e-01,9.247636508714943693e-01,-1.950412930043811666e-01,-1.789438452432742688e+00,1.050865378029966213e-01,-9.468821181806331699e-01
1.000000000000000000e+00,-8.776405650457336227e-01,7.015818311997672474e-01,-4.461764409785657914e-01,2.253169413809442467e+00,-1.250917988353511090e+00,8.968500607299754179e-01,6.232708014976295896e-01,1.685447183736846100e+00,-4.723449962159962934e-01,1.075089087122935494e+00,7.395868324475745048e-01,9.464533729678008545e-01,1.295112881634687296e+00,1.903524427801020838e-02,-2.021698234486786830e-02,-4.406118350265539330e-01
1.000000000000000000e+00,6.255069107570438991e-01,5.586272219564092367e-01,-2.248447005707671753e+00,-3.922686477113643266e-01,5.514278234504411680e-01,-1.420016309098823148e+00,-2.526262517612127834e-01,1.425662428982421917e-02,-5.135461237161883519e-01,-5.224893284643080671e-01,-2.769820808592308170e-01,-1.172628212411046811e-01,6.111871575666505407e-01,-1.160642642632803812e+00,9.538072532264654235e-01,4.946452432874063887e-01
1.000000000000000000e+00,1.529371478427165032e+00,-1.334977168493070909e+00,1.395308953628589865e+00,2.449007079687010313e-01,1.875610773860618974e-01,9.096416211031033150e-01,1.316861170864715325e+00,1.667374162620743339e-01,-1.277313591937130122e+00,1.829872080963010073e-01,-3.297552069923966322e-01,-2.969538144955883308e-01,2.419081564073985099e-02,1.085532354631622676e+00,-1.008926334115046286e+00,-4.962169512710110780e-02
1.000000000000000000e+00,7.021325418355724157e-02,-1.091425742780170793e+00,1.944888777937206770e-01,-3.392308454918822047e-01,-5.749578852742234236e-01,8.038653317411110777e-01,6.400857269129806015e-01,-3.983671486543536866e-01,-3.479471282429048573e-01,-7.139187310039876166e-01,1.696866983937955764e+00,-1.957678961574529641e-01,5.295149418932859620e-02,-3.508858096171882379e-01,7.171059250481455205e-01,4.887041256674328205e-01
1.000000000000000000e+00,-1.272831654291440850e+00,-7.128211429458634063e-01,5.805791234069720419e-01,-1.740202512858300299e+00,6.232427307704430097e-01,-8.209838428272996369e-01,-1.837848353295977955e+00,8.141929587318241790e-02,1.705716748531121763e+00,7.875831767481593637e-01,-1.175030271337784260e+00,-1.206296130896261420e+00,9.699128882050827016e-01,-5.722641878433248896e-01,-1.905610042218332634e+00,-1.497497950004210265e+00
1.000000000000000000e+00,6.340009724439825689e-01,1.982854974049380381e+00,-2.000365384369043653e+00,1.851214788877047823e+00,1.315629556468390859e+00,-6.862097349773920163e-01,3.308015408891976650e-01,-6.393651595508622609e-01,1.901427623830362068e-01,-1.036348586136458083e+00,-9.009540709484946674e-01,-8.495798273424706171e-01,3.211665371556631232e-01,4.903890627042631900e-01,3.564838263568047005e-01,-2.348987934280590273e-01
1.000000000000000000e+00,1.050174447412735468e+00,7.689672031170300404e-01,1.721278166858046521e-01,-1.694152283680493976e-01,-1.216948772929964395e+00,2.610495420915873499e+00,-8.401288341430993567e-01,-1.025948669827315030e+00,1.206783966219840271e-01,7.264728401576571182e-01,-1.118691402637235210e+00,6.521541080379338329e-01,-7.626059652782644083e-01,-8.484085222601635001e-01,4.130807878930344290e-01,-2.177550597179643277e-01
1.000000000000000000e+00,4.511328618995225637e-01,3.820096486872212038e-01,-9.107944630347558634e-02,-6.155865474720557673e-01,5.238941988237205694e-01,7.162477209959396962e-01,-1.769626168489847551e+00,3.581671492311453986e-01,-2.122413312634983396e-01,-1.142341013588843990e-01,3.720800682628108147e-01,-6.146822527077392406e-01,-8.014310358177914040e-01,-9.579532326243564988e-01,-1.442551832388120792e+00,-4.179322594725507628e-02
1.000000000000000000e+00,9.030963037730168619e-01,2.802716305390696161e-01,-1.247341347489150154e+00,6.954851509411339450e-01,-1.401173668519937465e-01,-4.715184000462502301e-01,5.613721260326756668e-02,3.459440676638907836e-02,-1.623872989372924236e+00,-1.298440523972257843e+00,7.841629567897457909e-01,5.058399495651839661e-01,-1.894343500863500562e+00,-9.048790019078039037e-01,1.010074294912518322e+00,2.223270455578671423e-01
1.000000000000000000e+00,8.821553977275533587e-01,-6.667082738245897477e-01,1.344788231386196742e+00,2.413183476914620151e-01,1.678140736708562120e+00,1.747784370851606983e+00,1.215829506386056913e+00,4.414129709029664395e-01,-1.999369481276669136e+00,-1.830535381219144719e+00,-1.472507636997625546e+00,-3.699230770296393356e-01,-4.404521179250494023e-01,9.541248719810287160e-02,5.336960292375616532e-01,-2.930754187464462146e-01
1.000000000000000000e+00,2.599011857491999034e-01,-4.867756103426770231e-01,-1.263630086798701369e+00,1.663496712835731861e+00,7.045832436607165628e-01,-5.278940745804987511e-01,-9.168340181293173075e-01,-1.102964287582194752e-01,-4.624893216086726766e-01,1.364250193014153290e+00,1.174072647089795085e+00,-1.521591874266910338e+00,5.061188567080967537e-01,4.025609540199055481e-01,7.911567381996026382e-01,1.154120034471453893e-01
1.000000000000000000e+00,3.483527745725983893e-01,8.875284822461260159e-01,8.032733170861583449e-01,5.739868631944788913e-01,-1.076422302839884715e+00,-2.965922566636836066e-01,6.747723641882250045e-02,3.587356113081775488e-01,-4.690674158339392941e-01,-1.991488829662387827e-01,1.175061825335784516e+00,2.869327218862236517e-01,1.197253669097142037e+00,8.278148384398121840e-01,-1.110847547077581376e+00,3.376791180169198547e-01
1.000000000000000000e+00,1.743541582082160479e+00,-1.208158283362506635e+00,-1.778505161608998186e+00,-1.774377623592918729e+00,5.785669651145235459e-01,-9.306134363795206532e-01,-1.348288556158762530e+00,-1.360948682704806456e-01,-1.066798358409380532e+00,-2.957719343022412684e+00,9.614369936749973533e-01,1.134972953296640649e-02,-1.481909581380819851e+00,-4.825220433833620759e-01,6.605989249603264613e-01,2.503934706444678193e-01
1.000000000000000000e+00,4.325933689937678794e-01,-1.007353258750181668e+00,-4.870732928255012695e-01,-6.983455330494658941e-01,1.661003695611660058e+00,2.259828342300280735e+00,-1.805956941598029775e-01,2.583474795568446503e+00,-5.184111603455524575e-01,-3.469386702818719193e-01,-2.331775043983146389e-01,-1.603272149880725861e+00,-1.030021568814901700e+00,-8.271311991907065453e-02,-8.404595083757431251e-01,7.589318150159026777e-01
1.000000000000000000e+00,-8.137563481563455658e-01,-1.685158632447955718e+00,7.797321491020751949e-02,3.681896154860970216e-01,-7.766245909264817282e-01,-5.742979360896637298e-01,-1.458613454971794843e+00,-1.339968855507040812e+00,-2.262245657460705939e+00,3.157557828417036361e-01,6.656134504802443397e-01,1.231828798353593157e+00,8.373833555883679336e-02,-7.534612186389623156e-01,-3.269526285058613757e-01,-1.073857223912272563e+00
1.000000000000000000e+00,9.842393022946560599e-01,1.733627546411939044e-02,7.255667660044927691e-01,3.220677979864554064e-01,9.479738942470934682e-02,-1.956445020491198450e-01,-9.147878885768773172e-01,3.115846887899853979e+00,-1.683985299345607811e-01,-5.062275632660755420e-01,-7.702656376962306872e-01,-1.110465580408228625e+00,-1.316108715702962506e+00,8.744576357575890579e-01,-1.175844026263965558e+00,4.083346005170421233e-01
1.000000000000000000e+00,-2.681286688598506496e-01,-1.299056698629635909e+00,1.699657197910464101e-01,5.961801665699280051e-01,6.246613685947676187e-01,-1.466956146498480829e+00,4.124829804626901214e-02,-1.301768187592697579e-01,-4.553062970306417934e-02,1.277595861409805522e+00,-1.796160604553559414e-01,-2.183934065100519017e-01,-5.127995650392080940e-02,-4.197217054961164817e-01,-2.546377369457810680e+00,7.682852721536549412e-01
1.000000000000000000e+00,-6.896394430657623587e-02,5.711316861572180992e-01,-1.789083950854659655e-01,-9.584124381095044942e-01,-1.099558850578256308e+00,-1.204906352354478516e+00,-6.150549558608549017e-01,-5.740359169337343470e-01,9.870849606692443101e-02,2.638383852538531693e-01,4.963191573523381139e-01,-3.067879013391224152e+00,-1.459204096793329297e+00,5.362443841379166409e-01,4.612504153257809270e-01,3.070900239658124198e-01
1.000000000000000000e+00,-4.898347540112127918e-01,-1.459837912476165345e+00,2.197120351103364566e+00,5.936421946988548193e-01,5.577983017490458634e-02,-2.271325651764606768e+00,8.324015529468015151e-01,6.522655006605581063e-01,-1.783613285171760765e+00,-1.187304736628227442e+00,-7.090295374157854491e-01,3.668518955445611018e-01,1.478159276251198202e-02,6.873099333085106455e-01,-7.986201406862769581e-01,9.213809450839731685e-01
1.000000000000000000e+00,-4.974453334353957090e-01,2.229087634897825854e-01,1.124841219862022790e+00,5.939108025003670965e-01,-8.541215471789347091e-02,8.305450326460793731e-01,1.132976452746231599e-01,-6.326845020915708995e-01,-3.843528349035092440e-01,-8.835106011080174904e-01,-4.460194484533980264e-01,-1.010324801632459302e+00,-9.820323655684180808e-02,-3.416394194493403008e-02,3.826370044998369524e-01,5.669399534764839599e-01
1.000000000000000000e+00,6.693501671035580192e-02,3.703125016307468043e-01,4.273666703655116805e-01,1.610160984438395282e+00,7.806786295827229660e-02,-8.324065112058515181e-01,1.538703681651419353e-01,5.021318526297740004e-01,4.469119829020069545e-01,4.246697329815348754e-01,-1.714085483365903051e-01,8.559266824774692806e-01,-1.026659879798493380e+00,-4.799436031997612873e-02,7.205216110496686088e-01,1.228009913240268203e+00
1.000000000000000000e+00,1.278962586627436782e+00,4.812854716994259818e-01,-1.566779472352177460e-01,-3.058311316329798135e-01,1.089474044184347123e+00,-1.626098785470080988e-03,-1.437978336767997689e+00,-3.414113544176000103e-01,6.555149414502817740e-01,-8.227237134634313165e-01,-4.882758463356505763e-01,5.002295626080477398e-01,-1.178399866573203725e-01,-7.880371925528812938e-01,1.017154802267325575e+00,-1.440910069295162410e+00
1.000000000000000000e+00,3.172549873041013990e-01,-1.144964286160473632e+00,1.719973681156160839e-01,-2.836498142686513790e-01,-4.650537118435302819e-01,1.302762320616997371e+00,-1.063561337535388285e+00,1.377020755107521754e+00,-5.322391418942103991e-01,-2.769237804623623234e-01,-1.488112072760311655e+00,-7.239808787169089710e-01,5.380334822638244141e-02,1.556711121318397728e+00,2.997564794344012573e-01,-2.315229161848073869e-01
1.000000000000000000e+00,1.594136647204369428e+00,6.990255004468440836e-01,-8.415867763878777108e-01,-2.866388387587301967e-01,1.402307134416890699e+00,2.844987688218119093e-01,2.100381566361129992e-01,-2.237945388091371335e-01,1.745691761592242375e-01,2.905591596219425088e-01,4.361248203335180151e-01,-1.430670097153650400e-01,3.332115651694521063e-01,-6.214600827701480812e-01,-7.098836828058932014e-01,-2.370798951718734227e+00
1.000000000000000000e+00,-5.259899193699276582e-02,-9.965430809796143041e-01,1.690284512304988940e-02,-5.728762855849352936e-02,9.461325028297102868e-01,-3.471148292394696244e-02,1.976327726941359497e+00,7.546959721194238524e-01,1.663647406601318213e-01,4.128579471142090340e-01,9.000611129850144554e-01,1.380710585123010814e+00,1.352926263839045795e+00,4.002612924343471601e-01,4.927410836143074069e-01,6.440901140674974990e-01
1.000000000000000000e+00,-1.231129687420028818e+00,6.469703229632860486e-01,-4.063722419131597652e-02,6.913799591198688255e-01,1.447343440455612917e-01,-1.070655253904799764e+00,-1.033541569271911528e-02,1.024484620010042285e-01,3.538008089913574072e-01,4.455595458648321516e-01,-1.365790818621421376e+00,-1.086709247560326830e+00,1.468857572211621498e+00,-2.492250311559992271e-01,9.768030002209564244e-02,8.616372458745078511e-01
1.000000000000000000e+00,1.248881258857199139e+00,-3.862635027445647795e-01,3.168346807781775576e-01,-9.035047668673605870e-01,-7.635654427269233935e-01,-5.859643894444344081e-01,5.303706842831507062e-01,1.348884951456690018e-01,-1.930261855418908823e-01,3.432793107917297970e-01,8.979817417421439574e-01,-6.103256061109626485e-01,5.096818180677183951e-01,1.537764968422099310e+00,-1.645049043625930407e+00,2.483173861755635370e-01
1.000000000000000000e+00,4.420011952772879421e-02,7.891550505042151109e-02,-9.250365277082591708e-01,1.800548307894772326e-01,-5.388165110220847209e-01,6.797740032855840997e-02,-1.755719558970045835e+00,-1.300319839712464343e-01,-8.216035458669546793e-03,-1.201986498885398852e-01,3.038287980119116494e-01,4.598606698452353814e-01,1.405790148403102346e+00,-1.060199846624065995e-01,-1.602228302478356126e+00,-4.441731332879681471e-01
1.000000000000000000e+00,-1.572982151816740837e-01,3.875151288489359636e-01,1.046607770988957076e-01,-8.691536950746688861e-01,1.987112586929343505e-01,-7.704119466031472685e-01,5.429627056877528446e-01,-8.707314065030846706e-01,4.845483424933017536e-01,-5.830063277423688239e-01,-8.550501913084199157e-02,-4.735708839156934080e-01,-1.529180202228800634e-01,-1.281745576857362012e+00,6.008951116374648960e-01,-1.338817748109365713e+00
1.000000000000000000e+00,5.562709436691354314e-01,9.879999021623910027e-02,1.508806500286480334e-01,-4.236768353097568052e-01,-2.238778778131954583e-01,1.072103044851755671e+00,-1.149230271715655061e+00,-5.553343288350767390e-03,2.752319671110701194e-01,7.877674832361833968e-01,3.614891930889522764e-01,-2.620314804398962583e+00,-1.096383632970493682e+00,-6.427208269899968851e-01,7.710528937989845621e-01,-1.371758577189631234e+00
1.000000000000000000e+00,-5.228426670549627397e-01,-6.587969130253672478e-01,-3.564605707441054760e-01,6.011156214662441988e-01,-1.066318201192123366e-01,4.173892767439861817e-01,9.573288573178683203e-01,8.521094131518489601e-01,-2.956388767822599184e-01,5.404959711115241427e-01,1.850378490760727690e+00,8.587622333822423348e-01,-1.214776446763316198e+00,1.237396118069064022e+00,5.919138844027027613e-01,-1.015323473464597948e+00
1.000000000000000000e+00,-6.175958171766098292e-01,-6.446313892180718375e-01,-1.932879439857697168e+00,-3.384480574343801118e-02,-2.890600439858257986e-01,-1.316379813134117283e-01,-8.415284447105286780e-01,3.721273954930413019e-01,-2.481258517791329776e+00,4.079012482032369769e-01,4.633535923311742771e-02,-6.531260364620627978e-01,-1.938995390296813559e+00,2.560154241652289886e-01,6.678168305325430376e-01,-2.368640703656208213e-01
1.000000000000000000e+00,1.124467584733794379e+00,-2.953475485666355871e-01,-5.676707767102773250e-01,5.819145940965987363e-01,-3.317864442418616000e-01,4.708484169985028833e-01,7.611469648625160400e-02,-9.637442259992327065e-01,-9.369715336374616343e-02,7.868854510205153252e-01,5.503282304129114566e-01,2.095220762487312705e+00,3.160052369721048637e-01,-8.943258375405013227e-01,4.170966103734761177e-01,-4.245998991730664529e-01
1.000000000000000000e+00,-1.026009749147243966e+00,-1.924985187494169692e+00,9.409781999540325348e-01,-3.927638396695537319e-03,-1.263731689066738717e+00,-2.438328961236637227e+00,8.435026835093785147e-01,-9.686104991365581673e-01,2.180036284538712510e-01,-2.476643918243839546e-02,2.514326730268102716e-01,-1.444435321873653200e+00,8.294480722300867637e-01,-6.150836478011016961e-01,-1.278423809001197620e-01,3.540645583832087606e+00
1.000000000000000000e+00,-9.757883236805294791e-01,-2.486852610361170335e+00,4.219181891067881607e-02,-1.461805083724026622e+00,6.281169517920435208e-01,-9.367200900922789675e-02,-1.309052021367125063e+00,3.859681321813490107e-01,4.055696677356319668e-01,-6.857394107597731825e-01,1.239676200997428035e+00,-6.881133459929411611e-01,-1.326454534478356928e+00,-5.399751048071119164e-02,2.746646837673173414e-01,1.823232453501082206e+00
1.000000000000000000e+00,-2.821821693339414683e-01,3.881179681719458263e-01,-1.077732658234219265e+00,-4.503112786773462162e-01,-8.358372607479850336e-01,-1.195249315307286730e+00,-4.596292820481890362e-01,1.259808572496416146e-01,-6.979476168713885098e-01,5.474647077901616532e-01,-1.739054101844697442e+00,1.636062776524444207e+00,2.467126502768846597e-01,6.860683699926353185e-01,-1.524709703403876182e-01,-1.400650753655405145e+00
1.000000000000000000e+00,1.288896105228492517e-01,-2.040722674638806022e-01,-1.367293182521542638e+00,-4.102431807034601641e-01,4.701824783675506159e-01,1.536520385964109003e+00,1.154214216117393166e+00,1.456218772668541162e+00,-8.466112911802854413e-01,-1.327058420141331796e+00,-8.435511179593301323e-01,-1.097363212714732139e+00,1.479425352126530147e+00,9.105371173243891336e-01,-2.759338484303624828e+00,1.397204680758429296e+00
1.000000000000000000e+00,1.269393257734181102e+00,3.423636116562530085e-01,9.126294990399036466e-02,-1.440726892707124562e-01,2.882445158882523950e-01,-1.161026919138322455e+00,3.946828305726212127e-01,-8.625783301722842467e-01,-5.429359508541876655e-01,-1.791721539592427304e+00,1.956168468206529454e-01,-8.666385018666113993e-01,-3.604718421879098411e-01,2.644786755274073364e+00,-7.212891074517362444e-01,1.419405933657322150e+00
1.000000000000000000e+00,1.891349478007382734e+00,1.238149556335692569e+00,1.692945724796363960e+00,-1.221371455678578188e+00,6.175360140119916519e-01,8.338284426013514716e-02,-1.201705864798850332e+00,9.117070737599251018e-01,-7.547667350646646289e-01,-1.072860739077183823e+00,-4.149573366501122657e-02,4.153038755521218928e-01,-6.449208996424489193e-01,-5.717746191976444958e-01,-3.398042858490606943e-01,1.603012219906276847e-01
1.000000000000000000e+00,1.240461554239113556e-01,6.341200089344378732e-01,9.951094244281537549e-01,-1.198881613479461983e+00,1.799332746977588826e-01,1.309935192210312183e+00,7.985367152812919977e-01,-7.936715958778682856e-01,5.694151538642460153e-01,3.156426697573596618e-01,-1.357033002467266658e-01,7.729197925310220540e-01,9.091514554289641392e-01,2.353974540699537224e-03,-4.822894406810346313e-01,-8.073555822230837897e-01
1.000000000000000000e+00,-3.968647634383433709e-01,-5.207374115662590786e-01,4.897925893104743689e-01,-1.054960549551846816e+00,-4.464585850926037769e-01,-1.575167543146127835e+00,-3.011954752447720374e+00,5.264270876662260346e-01,1.188163936327334635e+00,2.675674465909769206e-02,-8.825647084118359853e-01,-1.076940829959563750e+00,1.798394916763354168e+00,-1.411447958487077603e-01,5.501589504102860628e-01,1.325046778645542211e-01
1.000000000000000000e+00,-2.920537413486621325e-01,-1.554525766505886475e+00,9.128413506812689190e-03,-9.418398469000599516e-01,8.923466507035596740e-01,5.113508095596979164e-01,-1.402112500670140260e+00,-1.509558553340208942e+00,9.842790010837112469e-01,-6.053745661010867529e-01,-9.343337032033726119e-01,-9.785490113281611890e-01,8.555997670770043584e-01,-1.600279362688054929e+00,1.403227596646978159e-01,4.863689899000712136e-01
1.000000000000000000e+00,-2.494213323013171404e-02,-6.145507561633900551e-01,-1.941030020487201080e+00,-1.000727320565602207e+00,1.283358912958126652e+00,1.105131818681963418e+00,-9.030290137907284187e-01,4.937423937848005040e-01,1.198356587122350936e+00,-1.304623980032045862e-02,-7.620747425285271381e-01,4.716679213266592452e-01,-2.024527786263807361e+00,-1.524772978446426563e+00,-3.914662225410226598e-02,-2.013805176327138347e-01
1.000000000000000000e+00,-2.929726914499954482e+00,-2.218023485137260720e-01,1.238216345285432451e+00,-3.319021394756501708e-01,-1.316145590796671538e-01,-6.781243943713137767e-01,-2.085122545192690247e-01,1.338664657034237981e+00,-1.232872464163432769e+00,3.187347052725783558e-01,-7.836324212865865002e-01,-6.073822374584449957e-01,-8.218282035185420220e-01,-1.316675572695327645e+00,1.156409300805879559e-01,8.119139954899302625e-01
1.000000000000000000e+00,1.067014425388182364e+00,4.191301832400315050e-03,1.342055806384959915e+00,-6.219612486887461378e-01,5.177114800458728627e-01,-7.277751741005399344e-01,-5.157891896581507929e-01,-3.884310546504322392e+00,-1.083656173124829758e+00,-9.672921992975644923e-01,2.058171571006589817e-01,2.539902180993006020e+00,-1.621496564617156133e-01,4.601760528309558479e-02,1.361490687708942215e-01,-6.114627096241032067e-01
1.000000000000000000e+00,-1.476011505250593325e+00,-4.605924987099109802e-01,-3.500449087840367124e-01,-8.166478450203445982e-01,-6.161134280621262116e-01,1.208189090968444651e-01,-6.816698146321104046e-01,1.073599168490285471e+00,-6.840744587169168556e-01,-2.094236757419651596e-01,4.787273369892752761e-01,-9.025956066025669650e-04,3.272358630152993331e-01,-3.383465554467962044e-01,-2.000968007838783702e+00,1.136773637252001423e+00
1.000000000000000000e+00,-3.633541953264077806e-01,1.061923923329611691e-01,2.555218234804049526e+00,-9.581115386483526897e-02,-2.682176679072208469e-01,-1.264781235933082559e+00,2.097304917033237237e-01,4.185219541328382697e-01,1.432802280461345501e-01,6.225282346212256401e-01,9.175525820340255656e-01,-1.225293027371401555e+00,8.194565901223775928e-01,-4.048768030157711140e-01,9.241392177259047935e-01,9.593643902591137973e-01
1.000000000000000000e+00,-4.407606890946584310e-01,8.997377895123652713e-01,-1.083702273004987671e+00,-7.312999497045805652e-01,-8.986263059401697895e-01,-2.445762257484531244e+00,-6.890685625534164194e-01,3.540948153539690280e-01,1.772338192712592075e+00,1.765520427311852991e-01,2.327738313725778163e-01,-8.208956355043609543e-01,-6.254337304552722854e-01,2.452255865259027889e-01,1.746660521018987555e-01,-1.373893194811501295e-01
1.000000000000000000e+00,6.900995741165333319e-02,5.260802366825130250e-01,-1.718316124326363936e-01,5.893952274655669399e-01,8.987219631198245517e-01,-1.178734322101027132e+00,-3.613663174565067138e-01,-1.567532744785771426e+00,1.179790389541974793e+00,-5.242136754508209817e-01,1.316695191270184528e+00,-1.383050483506866657e+00,1.215544982147453434e-01,7.722958216158287703e-01,2.126127221450834881e+00,-2.741183430193179782e-01
1.000000000000000000e+00,3.467409352724242777e-01,1.130263222237050114e-01,2.637968396784665659e-01,-1.158477434327264577e+00,3.604153008104372669e-01,-3.245686121737115237e-01,3.102504242642505905e-01,1.857908297197559344e+00,1.645906993350115366e+00,8.390418487251989355e-01,5.595852837756604137e-01,1.066110105347897408e+00,-1.736467877386319580e-01,1.524787890154283732e+00,3.205831039295380103e-02,6.155088184219721370e-01
1.000000000000000000e+00,5.100659743105651067e-01,-6.292133562607306052e-01,3.688791962692544030e-02,8.463611900786358055e-02,8.819866494979818894e-01,-7.220447245863492736e-01,-8.503760382006185781e-01,1.517019615959682266e+00,-2.423179648889894455e+00,-8.010462399517370713e-01,2.217642065310146682e-01,-1.168231187293055084e+00,1.400303588266955224e+00,1.950407287257878819e+00,-1.470892523064698088e+00,-2.983256910101447223e-01
1.000000000000000000e+00,-1.524649441721524834e+00,-4.822366148587862167e-01,2.296892339401697403e-01,9.143062483802067986e-01,1.021599950667950951e+00,2.798117547220807522e-01,-2.522827846921330330e+00,-1.880266623410079108e+00,2.162633955219400161e-01,1.723920926181549962e-01,-4.423946654531110689e-02,-2.799230449243242935e-01,4.838297841400636123e-01,-9.324390611474384638e-01,9.579519964443622415e-01,6.256537151239922601e-01
1.000000000000000000e+00,-1.203452756529790113e+00,-1.349062074110402021e+00,-1.350321520523405816e+00,6.214928852201085513e-02,-8.669111657104190405e-01,-1.961672518064315751e-01,-1.842415863837973067e+00,1.176688283125036705e+00,1.418553443099455913e-01,3.189664080920682765e-01,7.454614953626236273e-01,-9.227428576855906117e-01,3.251825944624812947e-02,-1.978311898933562407e+00,1.216080526966043518e+00,5.214669155076582380e-02
1.000000000000000000e+00,-1.654425104652630374e+00,1.616935933020370308e+00,4.257202416388459199e-01,-4.934303060389065299e-01,7.459638238743261374e-01,-2.469880901276690632e-01,6.959387689237076513e-01,-1.105513293476839243e+00,-5.697770773193153726e-01,1.609693685557167964e+00,1.220961887664287066e-01,4.837158857123018962e-01,-1.061360725223693180e+00,4.082867494502141481e-01,-1.637238215192317492e+00,8.530299187434426944e-01
1.000000000000000000e+00,-1.856309262084043232e-01,-6.362625981938989650e-01,5.153881670458014819e-01,7.249606628942444342e-01,-1.286443658635801013e+00,3.205733047741364250e-01,-2.180438953833499394e+00,-4.602447365654409039e-01,5.237846324925613528e-01,1.670679611327955616e+00,-1.505998292984056741e+00,-1.016382724115107439e-01,1.048690528018542567e+00,-4.489567842981619372e-01,-1.549434461620174730e+00,2.698427644679229354e-01
1.000000000000000000e+00,-9.736528236108892287e-01,-3.931917764886318500e-01,-7.465630246057765040e-01,-3.047260935831274664e-01,5.460566817985768040e-01,-4.527433488707044984e-01,2.864142910214790283e-01,8.018478085880199613e-01,-3.302121271709786421e-01,7.624282241627264867e-01,-2.808347450572571402e-01,1.428958016081065818e-01,1.222950179408736071e+00,-1.314468893787565040e+00,-4.247232437277139172e-01,-1.309048232294199199e+00
1.000000000000000000e+00,5.454022218796966692e-01,6.957461949788229516e-01,1.318784115680381730e-01,-2.302959787971647077e-01,-1.006790999843728329e+00,-2.004498310366659375e+00,1.759087188318778416e+00,8.017058857157558505e-01,7.506511920444574049e-01,-4.675353697259427288e-01,1.797877859405188905e-01,-1.762515683507200059e-01,-1.434647680756848898e+00,-1.654397536602904450e+00,-7.965319607973087024e-02,-2.448923491683315135e+00
1.000000000000000000e+00,-1.310330945616847265e+00,2.747471761305227481e-02,8.205613012343320190e-01,-1.803135545730919498e+00,-6.520317272729573288e-01,2.154067853634074492e+00,1.361892381763606164e+00,-6.029958239619167548e-01,2.325890960654078299e+00,-7.615629250897765212e-01,1.207321945307522348e+00,1.734745250711078102e+00,-1.128103400450987559e+00,6.426449103521010286e-01,1.582388054646246323e+00,-1.326918694065420956e+00
1.000000000000000000e+00,-1.801253012099782724e+00,9.850494026152910587e-01,3.766994362888077819e-02,-7.871690550140569842e-02,2.768789802978823822e-01,-4.522561314511225339e-01,4.192044534298118852e-01,-1.163355539578347475e+00,-5.097523959890400969e-01,-8.286712758392257294e-01,1.310524981220700588e-02,-1.053770772963808389e+00,8.808944566498320139e-01,-4.664364278918735618e-01,-1.588959562818467619e+00,-2.129842377001485987e-01
1.000000000000000000e+00,1.216404818378453268e+00,-2.595545233766581639e+00,1.948516590361030643e+00,-1.466760472443845220e+00,-1.186274203656064591e-01,7.028757910782346130e-01,1.836009639312721209e-01,-8.897449354887200512e-02,2.805696135026028437e-01,1.359436016623763788e+00,-1.148905607449200561e+00,4.587301006635631229e-01,-1.221575549644986936e+00,1.210884661999545919e+00,1.324694652310936249e-01,-1.013294108926666021e-01
1.000000000000000000e+00,-5.475502831044808394e-01,1.924443491641612880e+00,1.332552406843781512e+00,7.907329796638377928e-02,1.515933815220721348e+00,2.621881697666097466e-01,1.566352598867119639e+00,-8.688430242378781809e-01,-1.402856661093162538e+00,-5.188206908056874900e-01,-1.590906280992853583e+00,5.007377365674025027e-01,-4.132562306637178606e-01,-6.733632717765524189e-01,4.054417330164248323e-01,2.952025953392583679e-03
1.000000000000000000e+00,1.450699089378705564e-01,3.395322283982922795e-01,9.732206427576065577e-01,1.515826366268689107e-01,-1.202773930759049731e-01,-6.533294210050023532e-01,1.091349258183124560e+00,-1.283756779119842095e+00,5.437963187770493700e-01,8.974453748335373682e-01,4.820746612145522247e-01,3.051407101063137103e-02,-6.659073102719981208e-01,1.859603798216060033e+00,-1.307988222740340545e+00,5.063436127302446410e-01
1.000000000000000000e+00,1.199107992123720455e-02,8.309707024070431824e-01,-6.680383394143777354e-01,9.011881772749243957e-01,-1.937362495648984106e+00,7.025131781942366427e-01,-5.803345910683831432e-01,-1.179235445955297834e+00,8.861301466250696146e-01,1.355322443376555386e-01,-1.007804087623413336e+00,-5.629522558231897511e-01,6.389061332677385963e-01,-2.915428459551406837e-01,9.181992308117889467e-02,7.964674882114462784e-02
1.000000000000000000e+00,2.256204599345392303e+00,1.111186660997151909e+00,-3.198532468343953661e-01,-1.268737078672169449e+00,-4.672208857712211172e-01,2.728037671111395723e-01,9.022842032237645693e-01,1.940950080733621519e+00,9.052810393749566309e-01,4.171981210381174865e-01,-6.036167384762138738e-02,6.403807026951527925e-01,-4.752137511731123198e-01,9.392852038007566406e-01,4.800503257491730569e-01,4.652632157430909854e-01
1.000000000000000000e+00,-1.637056159498205155e+00,-1.941909781098166698e+00,-8.592823679099315104e-01,-3.282267145117993556e-01,-2.674472041897981711e-01,5.150203075065192815e-01,1.430794899230584338e+00,-3.816444681399217553e-01,-1.536173453581040738e+00,-1.283537490885176435e+00,-1.073008143537857589e-01,-7.284641158749566303e-01,1.071778298000277019e+00,-4.202749521803680888e-01,-1.037906718262230132e+00,-1.294974442162949713e-01
1.000000000000000000e+00,-5.001866651454170976e-01,-3.219744606142184717e-01,1.493085497840796361e+00,4.746381232048308418e-01,2.905444357193276428e-01,-1.999890137665804923e+00,-1.650543967373924614e+00,7.006063502331462134e-01,-1.533128753295089908e+00,-2.711564212397579721e-01,5.214323422099045174e-02,2.482119979983804792e-01,1.758518117686597604e+00,-9.866353216212988553e-01,-9.094464137788851876e-02,1.028211411369089001e+00
1.000000000000000000e+00,1.164409384210831844e+00,4.702876673470188923e-02,1.705183402985918750e+00,-3.960157323025094711e-01,4.662622019842181942e-01,-8.627286073919787635e-01,-7.212968107181800814e-01,-5.888342470561924724e-01,-1.508452369343125099e+00,1.756682508417254818e+00,-2.219212767727544833e+00,-1.146592439725723667e+00,-3.995014211955004724e-01,-5.379680623739561129e-01,-3.457858082942726896e-01,-4.152519554088183740e-01
1.000000000000000000e+00,3.693358313434466078e-01,-1.524934724818729492e+00,-3.546089997828991147e-01,-8.809553350869413491e-01,1.243324784457573662e+00,2.102246659864882850e-01,-8.016890844116245640e-01,2.217660549328989983e-01,-1.520271000545035500e+00,-3.534970258871968085e-02,2.877574462608921024e+00,-1.003483776846617381e+00,1.938773766599264370e-01,-1.814460512437467532e+00,-7.132648970350119466e-01,-4.277805506285753401e-01
1.000000000000000000e+00,-7.812684172443917774e-01,4.785528749901230561e-01,-6.979398015103012165e-01,3.091393049829652684e-01,-1.082758693241125281e+00,-5.828719835166398244e-01,5.443492919674796093e-01,-2.029419917845729782e-01,-7.032232369618067469e-02,5.076792451385199190e-01,1.076200068875883931e+00,-5.169534517320576450e-01,3.947668759033386432e-01,-2.052085103746986494e+00,-6.355068185454215701e-01,-1.500515346412802098e-01
1.000000000000000000e+00,-1.466793614073068408e+00,-1.012581856125236879e+00,-1.375422685153726565e-01,-9.183110608181820345e-01,1.543857243648789401e+00,1.257241880195484551e+00,4.754654993097015003e-01,-2.596129999182980597e-01,9.595835566081828416e-01,-2.376907581437082695e-01,2.798770834316096634e-01,8.053836484950631716e-03,-6.029802064322673516e-01,7.864674328157154892e-02,-3.444635079411949019e-01,3.525120832886354805e-01
1.000000000000000000e+00,-1.805802045358777752e+00,9.358632327647894433e-01,-5.771307043493183464e-01,5.045384355833748558e-01,6.113568860682910833e-01,4.760663912455943558e-01,3.994126582687439198e-02,9.190556507638782957e-01,4.797186882106488359e-01,8.041252766076277814e-01,-1.819280124526357623e-01,2.075550903042573392e+00,2.052971285942467361e+00,5.305314337322218909e-01,1.505777982775810875e+00,1.118771735771675768e+00
1.000000000000000000e+00,7.331108148674282399e-01,-1.072551531466625629e+00,2.534685633174547092e-01,1.647524584368251110e+00,-7.350484587129059166e-01,3.320350792694825026e-01,-1.380741175140942412e+00,5.011385518481177304e-01,1.571350795124046851e+00,1.744849944674948583e+00,-3.920555783235097902e-01,-1.652294711569349595e+00,-2.064022928490720332e+00,8.230309494271087489e-01,4.390710626961015148e-03,-1.513052966317000592e-01
1.000000000000000000e+00,9.774475174034483738e-01,7.671957566324786315e-01,1.310377035150097180e+00,3.253843403514770083e-01,-6.604924867158052937e-01,5.163303065099391631e-01,7.024501734327687208e-01,-1.406218035326598781e-01,-6.040218657077740527e-01,8.229246390119026450e-03,-8.696086614637863477e-01,-7.529609911456262017e-01,3.417715703812054806e-01,-9.527098968775581378e-01,-2.811552657592896409e+00,-1.151493806089656458e+00
1.000000000000000000e+00,1.070534465913859146e+00,4.356878435454943771e-02,-1.593561848138441150e-01,7.182668133561005419e-01,-4.331238370020084050e-01,-1.929470433586329137e-01,-8.427429684965460389e-04,-4.342858194667745808e-01,2.507559704512896115e-01,-1.431235082445583728e+00,-9.553824179874067513e-01,1.869931140122437441e+00,5.725954098753545107e-01,-7.919781215584337231e-01,1.750165351571299488e-01,-1.764247147405685334e+00
1.000000000000000000e+00,-9.808066796530798270e-02,-1.328096908612338631e-02,-4.058263337597442511e-01,-3.583957535326134924e-01,-3.092732215495261339e-01,6.355923599245867361e-01,3.053096168945900191e-01,-1.015980488338647791e-01,5.764431375723526596e-01,2.321977006311893632e+00,5.461890806808040733e-01,1.633739313759344780e+00,-1.331294699763113210e+00,4.621455098174061527e-01,5.771878230106799457e-01,1.704935999275887903e+00
1.000000000000000000e+00,-3.100406543484308108e-01,-6.989815019980082089e-02,-7.529002698313075337e-01,-9.094250097756984008e-01,-2.636651443054328636e-01,5.969444882644157069e-01,4.246560836412341389e-01,-8.712880673735861059e-01,7.413874613089788124e-01,3.110360520658752570e-01,5.618229255477676931e-01,-1.648326356650109403e+00,7.283946710862019280e-01,1.476605786073925897e+00,-3.472500479773962256e-01,1.148314639484362132e-01
1.000000000000000000e+00,1.052614428124743151e+00,-3.146830260401604629e-01,5.905865780988268643e-01,-3.531365845447468343e-01,9.023526542280838614e-01,1.685007762395390463e-01,-7.670168018335584703e-01,-1.110191671169176858e-01,1.166526132459058118e+00,5.801012899539489398e-01,-2.789273921815345947e+00,-1.083973072264106996e+00,5.344165325998191385e-01,-2.126133963888826806e+00,3.830976376216416179e-01,7.815095070496366203e-01
1.000000000000000000e+00,-1.410948671212553185e+00,-2.642228195862856843e-01,3.210732825618407837e-02,1.286808921575453013e+00,3.858147454550269750e-01,-7.744132724617277530e-01,-1.012115247322636025e+00,-1.577935783370153944e+00,-1.164554089404910897e+00,-2.042248782761784121e-01,-3.511404341191286943e-02,-3.548694674184834641e-01,1.790428588151263156e+00,2.117296104277015256e-01,-3.574598815872498947e-01,-7.610984425716136315e-01
1.000000000000000000e+00,-9.103341905818849167e-01,7.238759867443490537e-01,5.003354940767779091e-01,8.658486051502453096e-01,1.134196233408527821e+00,7.655156693910174504e-01,7.708077929854439958e-01,-7.238935350500981247e-01,8.063180770054740876e-01,7.456509300717669708e-01,-1.041950607467387213e+00,-1.028064926637732190e+00,-3.962469263796185581e-01,2.715682954343628941e-01,-2.018664993794446083e+00,2.755789826516395480e-01
1.000000000000000000e+00,1.758297957468781592e+00,9.335146775758171866e-01,-1.268468186220004679e+00,1.370355162647906022e+00,2.968209650154164936e-01,-5.062489888516354952e-01,-1.002993440244300150e+00,1.695972235515509352e+00,-3.547220980183913852e-01,9.298921150886543252e-01,8.796070006094685034e-01,1.803005584844394327e-01,3.787256571168938768e-01,-3.864178852764358352e-01,-4.271880713396226659e-01,-5.001187361819333654e-01
1.000000000000000000e+00,5.635395876828791506e-01,-1.012276168738354798e+00,-5.054549380261283975e-01,-8.438295426815097811e-01,-1.139435671768511238e+00,1.610939581599337214e-02,2.459339165782902792e-01,1.450135178915107625e-01,9.697237967334693121e-01,3.877405061863314351e-01,1.223953619939592397e+00,1.148168089729405678e-01,-1.278702843495879149e-01,1.794331668443766681e+00,1.249012992842837566e-01,1.324136340886380214e+00
1.000000000000000000e+00,4.045899281268457437e-01,1.654013689548999022e-01,1.068266678736194075e+00,-4.541561818967909114e-01,-3.207536082925473847e-02,1.995950014933927652e-01,-4.608889057538877454e-01,-8.978062520276622882e-01,1.382398301610904046e+00,-7.106688202788908892e-01,1.502249691054224012e+00,-2.475791947469609122e-01,1.931566621223208824e-01,-1.868911354059533236e+00,1.190110765936135628e+00,5.585369704162675975e-01
1.000000000000000000e+00,1.396533514897062567e+00,-2.407493320988568775e-01,2.960274735604510599e-01,3.943925079321135563e-01,1.756922221647427396e+00,6.342391189627385462e-01,1.716902873220170489e-01,9.136977578210515594e-01,-4.788541253291083710e-01,-7.084369030973532988e-01,-1.636177531019839648e+00,-6.972975025039793717e-01,1.196696892129012646e+00,1.726859904030331849e+00,-1.091378627189948380e+00,-1.211424035281343459e+00
1.000000000000000000e+00,-1.250903578728280174e-01,-5.829488863414694633e-01,3.375362540441381731e-01,-1.293883880247264084e+00,6.091618678341809145e-01,2.003669476196074939e-01,-7.934221040566290517e-01,9.953933803463910213e-02,-1.303993692990728093e+00,1.562972855815280004e+00,-9.164013366817710393e-01,3.160712503206865032e-01,6.517508739764218406e-01,8.523743695186311031e-01,-8.429395237963358545e-01,5.433430923093544029e-01
1.000000000000000000e+00,1.840697280859348473e+00,1.033123863945377696e+00,1.263082765200818081e+00,-7.764131194042112050e-01,-2.079094197976368186e+00,-9.790317252767710698e-01,-8.660519352538151860e-01,-8.017007824284182460e-01,2.432310536139560275e-01,-3.293750995670127746e-02,-7.914806336707970180e-01,3.613199324856403716e-01,-4.667422300009125835e-01,2.232661596306099450e-01,1.302259784138537047e+00,-1.115676582433789754e+00
1.000000000000000000e+00,1.297911201112639801e-01,-1.466765438341818550e-01,-6.438313305579722590e-01,-6.100017460440232409e-01,-4.200052418181808855e-01,-2.483488763505762309e-01,-3.299962997975400825e-01,-1.034863090325694124e+00,-2.698658262813209419e-01,1.391763169256207577e+00,1.375758438075234347e+00,1.566091236484739302e-01,2.515978636138112567e-01,-1.636193283514868202e-01,1.142120638442058134e+00,-2.514234400514100964e-01
1.000000000000000000e+00,9.651715420291111514e-01,-4.411301318214216338e-01,-6.243853977727198412e-02,5.196264333577217676e-02,2.365940007595555894e+00,-7.750405588646620547e-01,-2.397804670880806510e-01,1.538152497461940271e+00,-2.118798087454160928e-01,-2.047982176494960171e-01,1.839557372826902404e-01,-2.726457768503505741e-01,3.705804910028515642e-01,-7.510648580838340249e-02,7.477483190785573219e-01,-1.622485413457184666e+00
1.000000000000000000e+00,2.834473783163883875e-01,-1.289466377747318981e+00,-2.688827129140287653e-01,8.207721103328703693e-02,6.494740017448642488e-01,-1.092618019045900724e+00,-7.492259314133566939e-01,-6.344472561316329973e-01,1.061685526634391419e+00,1.711856352681677462e+00,-9.432958103047744958e-02,-2.206834386969314110e-01,3.977589923549338519e-02,2.273056590274275812e-01,7.513827050355711412e-01,-2.192888576066591988e-01
1.000000000000000000e+00,2.195700081048330254e+00,-2.670405670860009351e-01,1.848511867118272922e-02,1.245681797409937230e+00,-1.331400382290149231e+00,-1.484133990102532552e+00,1.792567239074184915e+00,1.868300668263241260e+00,6.371383669369471425e-01,-1.406832535398395922e+00,-3.703092985675635607e-01,-1.043946761664054534e+00,6.995029492777570246e-01,-7.519696328122076334e-01,8.258360197003664638e-01,-1.515901689215366721e+00
1.000000000000000000e+00,-3.497141599402424639e-01,-5.854936557316408052e-01,1.689852683579272652e-01,-9.894748797223917869e-01,-5.577609029860275403e-01,5.640277303405261122e-01,6.722126902750503730e-01,-1.809426944111862112e-01,-8.515941293709607951e-01,7.163886596807635954e-01,-3.771014197451626471e-01,3.285522452094847279e-01,-7.082561780628142678e-01,1.210146460372816923e+00,-7.200895271571051692e-01,-1.291719482061955304e+00
1.000000000000000000e+00,-1.160736631236199967e+00,-6.029507457328607822e-01,1.529078953204347502e-01,1.812469450468596477e-01,8.823125046714765940e-01,-2.185948317350513648e+00,-8.090261944499529401e-01,-1.771990018147142354e-01,-1.468511089680881954e+00,-1.110044915420967726e+00,8.092953390175671169e-01,-1.041316055219280307e-01,-8.492878707458975107e-01,7.569071866981889052e-01,-2.241633535627092222e+00,-1.491699711181496968e-01
1.000000000000000000e+00,-1.443659169544825760e+00,2.060263993663203674e+00,-6.917339742946618797e-01,-3.084653574635113360e-01,1.539239476892037217e+00,-5.488528892855591979e-01,-4.579023503690410335e-01,4.081243557401627586e-01,-1.110563558894985814e-01,1.624912044061766481e-01,-7.163924495743357879e-01,7.635886151832842472e-01,-9.522347556066416141e-01,1.637502849168777308e+00,-2.702075669007075187e-01,-8.252723789929177212e-01
1.000000000000000000e+00,1.082370861035893556e-01,6.509690226414303060e-01,7.759455099215318841e-01,-1.048415355633788293e+00,8.733143304122563400e-02,-2.032136982496450250e-01,-1.461314915501155554e+00,-4.270852664224014106e-01,1.310308648370179352e+00,-1.131274852567668299e-01,-5.941473735233520070e-01,-5.466300146487730327e-01,-4.597114781261008587e-01,-1.205891288949182405e+00,-2.377639229483879124e-01,-8.092698857346374286e-01
1.000000000000000000e+00,4.635174444574922115e-01,1.083489849767315549e+00,7.454807272980851218e-01,2.365133510865242705e+00,7.733739279307828562e-01,7.924010083425500062e-01,5.020025504422783724e-01,4.623169286714364223e-01,1.492327172262851720e+00,1.148517156864799604e+00,1.086268001427938223e+00,-9.358811909946904706e-01,-6.505151897984267073e-01,-5.711197626535347710e-02,-1.360299775359336827e-01,1.703036978334693474e+00
1.000000000000000000e+00,-2.080638460079472229e-01,1.957948594291680777e-01,4.356901261388080870e-01,1.452671516106698313e+00,1.659824198895227254e-01,4.972948388704552247e-01,-1.308342779310270876e+00,-2.389807693336160277e+00,6.040481971494637836e-01,-3.025852007760549411e-01,-2.707436848540324181e+00,-9.198533328874751724e-01,-6.321583671330820442e-01,-3.522723796751382752e-02,-3.894236060377454511e-01,-1.687329928197730977e+00
1.000000000000000000e+00,9.119910833455455723e-01,-2.992569738343650032e-01,1.423454899584805977e+00,-1.408775922592679919e-01,-4.593535153960562334e-01,5.578627507681730435e-01,-5.622619903002477049e-01,-6.818181411184262020e-01,2.735034267622783455e-01,2.775320876896348321e-01,1.117493761183746548e-01,3.652913200834085328e-01,3.598725185909387170e-01,4.960931921511134712e-01,-1.006343475359595258e-01,-1.105908945132371590e+00
1.000000000000000000e+00,-4.664726149767079999e-01,1.008392368599659195e+00,-1.816209739173582360e-01,-1.935957764305730744e-01,7.297603447408486099e-01,-3.388124488637289655e-01,-5.456573225031315783e-02,7.596153719405300819e-01,1.478763174956048809e+00,-1.261471706439976970e+00,6.541907859251486768e-01,1.725738098356148553e+00,5.947634365120397781e-01,-2.524628592852952158e-01,-3.789049801137400197e-01,2.116577437629829361e-01
1.000000000000000000e+00,-9.451783763922583237e-01,5.714724639999686079e-02,-5.992886677136203266e-01,-1.370468690082001340e+00,-2.844497238969151409e-01,-7.126572210670837348e-01,2.341941016734378156e+00,-9.110681265749341895e-01,-6.266804573247115595e-01,1.121942598149033854e+00,1.296770126015321267e+00,2.593246798248997620e-01,3.350906458881161565e-01,7.892379996590671576e-01,2.653300351649435562e+00,-1.931886915450305331e+00
1.000000000000000000e+00,1.147349548092196636e-01,-1.132566992808229145e+00,1.573431872071758830e-01,1.372472663291192663e-01,1.569866958662089251e+00,-1.515919618407890468e-01,5.036399687194385022e-01,9.594020622506580498e-01,4.815597254402231853e-01,7.037600548326530259e-01,-7.151097921500418897e-01,-1.101696884055805459e+00,3.329095316628935541e-01,-7.491446913223056558e-01,-1.072330774497662231e+00,-9.701501446798829198e-01
1.000000000000000000e+00,-3.725812597595624664e-01,1.396316810169852429e+00,1.497865168998089025e-01,-7.780445597271473668e-01,-1.134940837041407358e+00,-5.308669753963701776e-01,-3.072509118904831471e-01,1.865394212541375829e+00,5.825000792749382983e-01,-1.859416238005890509e+00,7.798639967507502435e-01,-3.120067942367788297e-02,1.298200126930112219e+00,-8.585462294525313398e-01,1.776064496930049863e+00,6.184967117564545980e-01
1.000000000000000000e+00,-1.820457439952269385e-01,7.527781250221071696e-01,6.030467016852464335e-01,-6.445511973307697096e-01,-1.436547837067864153e+00,-4.535306334024283847e-01,8.966648007131596820e-01,1.724394401164317081e+00,1.012686077593028866e+00,-9.889096512315845855e-01,6.146254428416495497e-01,1.934105350705625781e-01,-3.929955657673108171e-01,-1.517523679752075694e+00,4.319412566019897315e-01,3.131504707106787522e-01
1.000000000000000000e+00,-7.197575234450702686e-01,2.625972251657456291e-01,-3.781391602147814446e-01,-9.962131508635674315e-02,-6.635643213631049475e-01,-1.422541624804679883e-01,5.987442740249283579e-01,-1.513753531803629926e+00,-1.356030718080183384e+00,8.835205497043303879e-02,-7.370578226075713557e-01,-1.189646174243687238e+00,-9.151588275263377037e-01,9.913548844739941135e-01,-4.520497043227822975e-01,-8.047753635605211509e-01
1.000000000000000000e+00,8.271606575959810081e-01,4.173062325372394743e-01,5.609307828724769962e-01,-1.254568016810540643e+00,-1.620645001379722672e+00,6.172109866446732207e-01,6.639242645586210245e-02,-1.206051422557611552e+00,-2.959122233721092066e-01,1.648287482327866593e+00,4.117540891479341825e-02,7.244875625636096328e-02,5.189642618505935223e-01,-5.447520992404837337e-01,1.732841726089920265e+00,-7.528309499053311704e-01
1.000000000000000000e+00,-9.821643897115156507e-02,5.458496486386062996e-01,-6.857538212712743775e-01,-1.258568232861788871e+00,3.779770256904289027e-01,1.013069524285612477e+00,-1.219136100524452315e+00,-9.360062254556411609e-01,-8.744688961520233686e-03,8.824235800058346513e-01,-1.035838570586115281e+00,8.410531068684220513e-01,-5.953538725624810679e-01,6.652377176020906058e-01,1.351280049232702618e+00,-2.271939054563131499e+00
1.000000000000000000e+00,8.645827270495543004e-02,-1.454560516001234538e-01,5.883731836892219791e-01,-1.275208334894106565e+00,-1.419346889046441129e+00,-1.213780781413219545e+00,3.528308911495627864e-01,-1.316518884881900497e+00,-3.503863673723891514e-01,-1.440379370126887659e+00,5.065693432914384342e-01,-6.976650642567358562e-02,1.317212186894303749e-01,-1.250267879846241659e+00,1.711557399995782047e+00,3.648399538617330129e-01
1.000000000000000000e+00,-2.002029870425794833e+00,1.280847252180243867e+00,-5.386308731856380705e-01,-7.071163258103743687e-02,6.853878530059769325e-01,9.119895474192354912e-02,1.265564345245425049e+00,4.391226139378769933e-01,-6.536702948002455216e-01,4.900441022812423442e-01,-3.498479380245044235e-01,3.469947072880866790e-01,-9.861784371392749993e-01,7.747039143467351341e-01,-5.053079145326450083e-01,-2.934182387122347691e-01
1.000000000000000000e+00,-1.776492274505595770e+00,-9.094459431389111392e-01,-2.022092300756376027e+00,-1.086474071016701126e+00,1.740628012673665292e+00,1.140934407149063468e+00,-4.950684120918678599e-01,2.518129525343593134e-01,8.004043431439170631e-01,8.026890817485390350e-01,-2.146390510335106860e+00,-2.817202752151645173e-01,-9.120404393768915402e-03,4.426638663889199132e-01,2.295189578449012835e+00,-2.049521290758251180e+00
1.000000000000000000e+00,1.230396596537976173e+00,2.333434516717809992e-01,1.290781942428476103e-01,1.415064712284773485e+00,-6.391343436763353703e-01,2.792786900131471461e-01,7.523777165459603067e-01,1.566706178994744070e+00,2.325303068999859668e-01,-1.509829179894389140e-01,2.051049302296151788e-01,-1.081703619784876835e+00,-3.217088419211578953e-01,-3.245249320205883525e-01,1.584318343630707338e+00,-1.283732920096464447e+00
1.000000000000000000e+00,6.287832959272280364e-01,1.193052425417758577e+00,1.585073971395647874e+00,-1.403388453457784957e+00,2.534308137278020179e-01,5.604558895924355300e-01,-6.650227015229653871e-02,-3.356176428704248926e-01,-1.844674704376402519e-01,7.108998039448751749e-01,1.496037800684696731e-02,1.427742578377902971e+00,1.973040811751022305e+00,2.842572475421593081e-01,-8.469887984894156618e-01,-1.455082647839318621e+00
1.000000000000000000e+00,2.648185152724004676e-01,2.915736025627839734e-01,-6.315570758924695660e-01,2.944361745817576370e-01,-2.677901898248744583e+00,1.429645632545450962e+00,-1.074520085238295231e+00,1.323256598411531648e+00,-1.011200372715923834e-01,-3.606802846595530410e-01,1.123205399529736415e+00,7.392702493824724330e-01,6.512307882640268053e-01,-2.313687075193290588e-01,3.679835792447135878e-01,2.156901122651760372e-01
1.000000000000000000e+00,-9.318432571859175395e-02,-1.331986721619970337e+00,7.228648561228013802e-01,-1.022467695468249671e+00,-1.594952677220264903e+00,-6.296968692728359407e-02,-2.360940969685982882e-01,-8.521684795627790798e-01,6.928312337915384367e-01,2.308541494330917654e-01,-1.164629020945239013e+00,1.944081020207148125e+00,-1.369969408645008269e+00,-2.009326461513435635e+00,1.249525613861008022e+00,1.630599489385851919e-01
1.000000000000000000e+00,-1.246623036438531340e+00,5.603240141367239469e-01,3.990174556004065787e-01,-1.231206249541261455e+00,9.376353185752287489e-01,4.487221070797388633e-01,3.972192894482857728e-01,1.764631962722693070e-01,-1.849960556379213195e-01,1.353075344778270850e+00,2.594081859911338550e-01,-1.220811671636222062e+00,6.653133852585443320e-01,1.607745656071525753e+00,-1.154541260634386557e+00,9.532549173998178249e-01
1.000000000000000000e+00,7.274534648092987332e-01,4.871053237740957664e-01,-6.401180659205622792e-02,-1.296343750573027087e+00,-3.040588190107432531e+00,-1.100594319906678331e+00,1.064855608005930598e+00,1.095481030221030050e+00,-7.676128193988576154e-01,4.749405584708283889e-01,-1.236501304620294839e+00,4.810054331699111785e-01,-1.003746066991360930e+00,1.069909290374663424e+00,1.255317994865771392e-01,9.554896922498189449e-01
1.000000000000000000e+00,-4.840989249304998299e-01,2.023792969246241413e-01,7.039866250250698121e-02,-1.660306346646324371e+00,3.540663416006868958e-01,2.256401240853494194e-01,1.750131738929222136e+00,1.671458869260697422e-01,-9.686927099509107242e-02,-1.387426905195323412e+00,7.130113677139857664e-01,5.151831870276125241e-02,2.021330336561102836e+00,6.613877953023913348e-01,-4.557215927305784398e-01,4.458557804099976263e-01
1.000000000000000000e+00,1.099533266489395977e+00,5.137065218367449226e-01,-2.812045764280104998e-01,1.428156583339130981e+00,4.766189482603666039e-01,-2.004857760776473707e+00,-1.021944211589974394e+00,-1.775247731254015471e-01,1.068586943264713485e+00,4.848662012887176576e-01,-8.499732583203128966e-01,-1.972140209852408510e-01,4.216206342163648091e-01,3.125585865079137382e-01,-2.078804701067069605e+00,-9.211327134407975015e-01
1.000000000000000000e+00,7.355928310974020334e-01,-4.662919712744760248e-01,1.178469868049445868e+00,5.624895397364687577e-01,-1.764269917777901542e+00,-4.845957232735102760e-02,7.762899992072658240e-01,8.064977919529031647e-01,-1.103250162247170429e+00,-1.229014959992987821e+00,-2.552810107143294038e-01,-1.151361486683376345e+00,1.923237189272815284e+00,-9.689258135471276456e-02,1.309886824847890374e-02,2.803655738035436551e-01
1.000000000000000000e+00,-8.727933511147831225e-02,2.020574619403146865e+00,1.334457536328880201e+00,-9.056221240312445353e-02,1.648294036380085092e+00,1.264595353008695277e-03,1.510209138479282176e+00,6.305394815982891255e-02,7.086202809462297525e-01,-3.922646602708522168e-01,-1.476068934975949487e+00,-1.885336423264819539e+00,-9.334216597948582494e-01,-2.084328291319115789e-01,7.434492528445274528e-01,1.748347763227788176e+00
1.000000000000000000e+00,1.104057791933809929e+00,-2.854361212786814608e-02,5.018783593985214342e-01,1.008456178240020540e+00,-1.222877659290979580e+00,-4.093928979760301790e-01,1.230291133539997833e-01,-1.952670357519183053e+00,-3.893459869974399412e-01,9.818613923048395697e-02,1.102047292389343403e+00,1.976725378750496587e+00,1.396929170763117511e+00,9.658009434327481380e-01,4.798709150051099770e-01,-1.364244108161489111e+00
1.000000000000000000e+00,-2.010314917917723973e-02,-8.324304918836986644e-01,-1.477894050134772375e+00,1.403918151311406848e-01,-3.481310155029289088e-01,-2.068983848701111405e+00,-1.284465945072291504e+00,1.979418728037677822e+00,-3.156834094452594663e-01,6.921576636647288616e-01,2.834827377039831897e-01,4.565507771040613338e-01,-3.228393194665609700e-01,1.728896263507352149e+00,4.487082344345424967e-01,1.197585320380943230e+00
1.000000000000000000e+00,-9.294282977428567349e-01,-3.044804246858864305e-01,-9.724541348654332576e-04,4.197709801404290730e-01,1.317708243350169950e-01,1.365169701311844230e+00,9.522077096208569902e-01,5.159132166577711232e-01,-9.371769061566916914e-01,-1.467785184798400255e+00,-1.081491791378663248e+00,6.568717509917161301e-01,9.552092979428545849e-01,-1.235188125015903138e+00,6.262437773451546841e-01,8.488927756471294217e-02
1.000000000000000000e+00,-1.032398498168490691e-01,1.761759235802552004e+00,-6.279908489633578839e-01,2.254760176761863022e-01,6.740183139254807276e-02,1.298264638574638363e+00,-1.555874753109346642e+00,-9.039929868646879862e-01,8.079867813534146181e-01,-9.666658353545652949e-01,-1.833986440469137502e-01,1.122289044805600267e-01,2.806500763725923608e+00,-1.010009372062451893e+00,6.139005368897957338e-01,-1.298221575279804307e+00
1.000000000000000000e+00,-1.574553498024512388e-01,2.781149734375563676e-01,1.507208211556322786e+00,-1.173642040628317451e+00,7.487152147469592345e-01,-5.157544314364757021e-01,4.101888056089373347e-01,1.793813055292128866e-01,-2.273717867926494662e-01,-1.967101686042435515e+00,-4.519468610722572333e-01,-1.409799374607617395e+00,8.299843390192080950e-01,-5.507597663366649021e-01,5.866236240004402136e-02,5.719898318823081196e-01
1.000000000000000000e+00,1.232087280248123751e+00,3.723412371733136883e-01,2.708358025046282980e-01,1.731408249177412317e+00,1.158304194769858908e+00,-2.708449926258602036e-01,7.501495343559355655e-01,6.757935567589932191e-01,4.540084979185640690e-01,-3.201819248453759981e-01,-3.666869519269874700e-01,1.073738884990675935e+00,1.605140998355712112e+00,-2.736272495397740201e-02,-8.151610229375830796e-01,1.314714523960927473e+00
1.000000000000000000e+00,1.538961210445403793e+00,-1.534478953831270864e+00,1.892813543595087411e-01,-4.636960010897870355e-01,-2.031733066161148515e-01,1.036224402214837692e+00,-1.053132651570038547e+00,9.563166434728004317e-02,3.375411763105677365e-01,3.545758948609134542e-01,7.273397973632224067e-01,2.321189653354793492e-01,6.077310499795651744e-01,-1.443507931840370961e+00,-6.557074096938836361e-01,-6.959180286321327014e-01
1.000000000000000000e+00,6.402118433890116589e-02,7.591256761393211372e-01,1.093768593440552106e+00,8.596146726948312722e-01,-1.257670735628878267e-01,7.456396553504626157e-01,-3.674323479217060928e-01,-2.757562906583249096e-01,2.188982827567434730e-01,-1.466564843405757435e+00,2.950470344493928976e-01,3.349380828930928478e-01,-8.945131994576533963e-01,-1.011378252826855340e+00,-4.933274486007802051e-01,1.295414976961789810e-01
1.000000000000000000e+00,-3.594530170559012139e-01,-9.072076834490784558e-02,4.664874033078646176e-02,-9.464470782958583905e-01,7.423587373897688746e-01,-1.570066643020944008e+00,1.474170257768028902e+00,-7.772469481854779039e-01,1.783072742459290927e+00,-8.114423139468320834e-01,-7.112445789979664201e-02,-1.672705482306741098e+00,-3.760890497372830210e-01,6.938234079715482894e-01,2.416946546249696126e-01,-4.987707651753901517e-01
1.000000000000000000e+00,-4.303261371514480738e-01,-3.828158847879450238e-02,-1.748826717926120322e+00,6.753753091042175027e-01,2.449423600595238004e-01,3.002368867901029081e-01,3.866342844057905626e-01,1.080932143371108461e-01,-4.634659842705598498e-01,-2.043213634392270439e+00,-6.926914164671299501e-01,7.600918469359028151e-01,-5.029224533001391828e-01,-6.741428159983520185e-01,1.054477585242616700e+00,4.355482566660556221e-01
1.000000000000000000e+00,3.086736315226173422e-01,4.204003318837151171e-01,2.916403758595988854e-02,-9.387464307831867583e-01,-1.243985595541969413e+00,-5.767554067335058099e-02,2.085346968412375712e-02,-1.535939905140289718e-01,2.126101663747943238e-01,-1.135276955647834374e+00,-1.944300708496676244e-01,-5.800348604695601193e-03,1.824861244195920884e+00,1.324215342475434598e+00,3.141959182834358488e-01,9.827839656186941608e-02
1.000000000000000000e+00,1.791044777265414556e+00,1.765542737719563160e+00,-6.119452964916107796e-01,-1.181531637477394758e+00,-2.174902903168080270e-01,-1.333114113951569812e-01,2.630496638395652953e-01,-1.728326109222161622e-01,5.233635013543297410e-01,-2.630158175893059225e-01,-1.344332682845483795e+00,3.761723108163109175e-02,-9.927294113729180358e-01,-1.007337257412640907e+00,8.446976699145273271e-01,1.961663962172957465e+00
1.000000000000000000e+00,-8.625351037492963169e-01,-4.891302453330364508e-01,-1.584500774513509125e+00,-1.155224697566181291e+00,4.117470464079612258e-01,-5.357714321670248303e-01,-1.618967199215759767e-01,2.213834767292056416e+00,8.063567346547774461e-02,5.481988468595577757e-01,-3.987328072211132057e-01,-1.690641367308503840e-01,2.725298443705121088e+00,2.565980082566162057e+00,-1.775044965526280327e+00,1.594585045147168742e-02
1.000000000000000000e+00,1.024651557508997390e+00,5.701515631724580757e-01,-1.812361526630384079e+00,-8.211363096321727673e-01,2.689079139675498165e-01,-3.067854666778712103e-01,2.789538559101448212e-02,-6.819404044698587075e-01,7.510727440187834336e-01,-7.147232134247917361e-03,1.257243597388396417e+00,-2.334281250497327875e-01,4.915513754164449467e-01,-2.687037840253623799e-01,-7.349908946389563935e-01,1.381534467629152108e+00
1.000000000000000000e+00,6.767844455205410115e-02,-1.309957352043560896e-01,-2.970976494007294022e+00,9.206749019384154187e-02,-1.637514949168173306e+00,-5.267499133835690239e-01,-1.361661520905773193e+00,-1.189659191260878268e+00,1.642015817854138859e-01,-1.210927620950964734e+00,1.511648039730195237e+00,-5.682872225230259922e-01,-1.604638496399979353e+00,9.397548830880435577e-01,1.545680086268035103e+00,1.438241941848475980e+00
1.000000000000000000e+00,1.545565069915514567e+00,3.042261348633478746e-01,-7.438825422494537154e-01,-9.712690541712050152e-01,-2.588509075742831955e-01,-2.695065458682214810e-01,-9.142530731311558911e-01,1.257899481280098097e+00,-3.541943026717999654e-01,-6.778546758300300068e-01,1.571927547000726288e-01,-6.837283529272657479e-01,2.435516533511501436e+00,-8.207193395677667702e-01,8.184188668520894216e-01,-2.106540341992628740e-01
1.000000000000000000e+00,3.586746330273503092e-01,4.036665189308250024e-01,4.035153068565970891e-01,-6.113431771136605963e-01,8.839197566918359783e-01,-5.154607240568743753e-01,3.508567898442172539e-01,-3.840489178703836992e-01,5.563065432728944715e-02,-6.998459355262480752e-01,1.452869103637745685e+00,-8.619522919178710385e-01,-1.890614010545086598e+00,1.184551699139997583e+00,4.295836994221832184e-01,7.155493182402857810e-01
1.000000000000000000e+00,6.774832106465084047e-01,1.447013075518015057e+00,-6.280812312567383149e-01,8.790154046599775450e-02,1.051615608612236907e-01,-2.728335799617535584e-01,-9.576586864070438798e-01,-4.831244661641899141e-01,-7.364869170654960717e-01,-1.663099492220937448e+00,9.805715361784264061e-01,-4.480951621446400135e-01,1.732283737183744343e-01,3.075715482895825109e-02,8.083755757324500024e-01,5.184709344537870024e-01
1.000000000000000000e+00,1.327266111513386582e+00,-8.983474267377337119e-01,3.437823577116481677e-01,1.073347140576277337e+00,-9.486030389887286640e-01,-2.005126636543058449e+00,-8.493526518538299097e-01,7.491584069921234379e-01,-1.778613867648815683e+00,-1.960029418963205594e-01,1.864918969332289289e-01,-1.538757207644129987e-01,5.892618684587876965e-01,-7.277654987804189901e-02,1.400991396944619161e-01,1.606256853147849606e+00
1.000000000000000000e+00,-9.118793814067047698e-01,7.498006076083074678e-02,1.700380813527653023e+00,-1.580826780494897443e+00,-2.992284232274504685e-01,-1.682296474281769205e-01,6.091995498856486169e-01,7.670454021721795357e-01,1.138987371763358736e+00,-4.935800748472737309e-01,-9.161423696633095304e-01,-1.401308159996896396e+00,-9.285390651121890881e-01,-9.814154393692942069e-02,1.810039632453001923e+00,-9.958484479574059023e-01
1.000000000000000000e+00,-6.549371173691330705e-01,1.569932671853210004e-01,3.535148847804087113e-01,8.368697187094939482e-02,-9.923345959010431150e-01,2.619797285486709648e-01,2.241019555902355798e+00,-1.637374219783950813e-01,-1.876573096765498772e+00,5.896889887321233870e-01,-7.911025883377038603e-01,2.497046128519294084e-01,4.623257119966289186e-01,6.803015047926681547e-01,1.010246391369421737e+00,-4.203409022245754856e-01
1.000000000000000000e+00,-3.602312612822704263e-02,1.426277861827809135e+00,5.942682871541137279e-01,-7.160407083788398186e-01,-1.499296689391635518e+00,1.364468061977535118e-01,-3.930672469290016346e-01,-5.224739749139659661e-01,-1.029369949895314162e+00,1.187795410138366564e-01,6.572164758099198999e-03,-9.576406932174866271e-02,1.341612912687882408e+00,-6.172597309012591849e-01,1.612750683113667094e+00,6.245273928679855729e-02
1.000000000000000000e+00,4.142393861750917616e-01,4.407388417132431790e-01,-1.026557370449754369e+00,-6.197420446880197442e-01,1.247226188368342203e+00,3.694661091758690286e-01,-9.739036670741972879e-01,-4.428446076464878645e-01,-1.230930152744047490e+00,3.621936984332411180e-01,-1.385984135064728617e+00,8.741166188404593251e-01,-2.227597802287833439e-01,-2.324659847173470517e+00,2.939606971486082299e-01,-6.612751696783286670e-02
1.000000000000000000e+00,7.813727999174753247e-01,5.373026815882910867e-01,-1.556699172541193832e+00,1.736484425473406867e-01,6.766166024812064750e-01,-4.220781212518849856e-01,-1.200454299215328424e+00,-6.817108767274621117e-01,7.776271640296125165e-01,3.559356363293556536e-01,8.058182268916637137e-01,-6.394850600261096085e-01,3.091284762629040866e-02,-3.928385398015302177e-01,-8.420063864753288829e-01,-1.761326554741108052e-01
1.000000000000000000e+00,-4.904994356776068987e-01,6.765976946514297152e-01,-9.643392252103585166e-03,1.285848576773775953e+00,3.288543260304109817e-01,8.637969853673109488e-02,2.664995700679894178e-02,-7.130596893595347874e-01,2.112659672767092101e-01,2.271979631893897622e+00,-3.448940151396571174e-01,-2.669715736622258362e+00,6.493982525843281506e-01,-1.088131165408333434e+00,6.031730818462237576e-01,-1.257751601947182607e+00
1.000000000000000000e+00,-1.352937879072707399e-02,-4.138608402057279978e-01,-1.189403374564405313e-01,-1.514630205429836618e+00,1.177734117534332547e+00,-5.183461230537409481e-01,-1.078678575257200345e+00,-1.347193384353520873e+00,-8.266859379360048665e-01,1.066552670700980476e+00,-1.135298281934508102e+00,-1.505741622797128754e+00,1.051423964665499922e+00,-7.359604285581429206e-01,-1.147887141204927686e-01,-7.576339973030333796e-01
1.000000000000000000e+00,1.038796752975459148e+00,-3.785888753894318670e-01,-5.390822071742416011e-01,4.924030940654304245e-01,3.827481833461368055e-01,-8.362872088761760248e-01,1.709425194908845702e+00,-7.218738141054613644e-01,1.352774504894566354e-01,1.399227273649499059e+00,5.322189605557411385e-01,-1.057157962515197891e+00,1.105222725291541863e+00,-1.391093415586834858e+00,-1.322397185752947513e+00,-9.642267073513709486e-01
1.000000000000000000e+00,-4.162415055659784424e-01,-1.704958152973235608e+00,-5.350870490076260477e-01,1.524186795077946632e+00,1.244821929365015567e+00,1.433625683739975898e+00,-1.776586384315570755e-01,1.259600721961730008e+00,-2.448228344264523071e-01,9.388870111346089287e-01,-7.800023204623178774e-01,-2.064017885180601031e+00,2.062650867347126382e-01,-9.767560060330163774e-01,1.815368917028934159e-01,1.094534473868280289e+00
1.000000000000000000e+00,4.569095275607543138e-01,1.227804010862999506e+00,-1.295391669546223756e+00,1.198392773803659966e-01,-1.295174591178795964e+00,9.840623931020802129e-01,-7.586960759285871214e-01,2.069062777117269269e-01,-3.089729994420433168e-01,4.211207773128194942e-01,1.474540826806232996e+00,-1.241656614385203916e+00,-2.514441566859593191e-01,-9.923137337332936792e-01,-1.657343070807063334e+00,-9.932882497933916977e-01
1.000000000000000000e+00,1.276863040994550280e-01,1.064413698337550507e+00,7.807228388779523520e-01,-1.129306988821088931e+00,1.159989002370662492e+00,-8.169136943084952529e-01,6.319047685398251346e-01,7.680439106980768704e-02,-3.345721126921581967e-01,-9.534955037039284376e-01,-3.021343991102586335e-01,5.784776497153890640e-01,-5.534325130297896855e-01,-5.427210633074021351e-02,2.545101791095173427e-01,-2.386394728446667168e-01
1.000000000000000000e+00,-1.045396365296841074e-01,1.042447609888881022e-01,6.808894386927145659e-01,-1.745489706833184496e+00,-4.771945034065235292e-01,1.623628983543940807e+00,-1.615152870078546687e+00,-9.494147686705713962e-01,-1.149033985058941276e+00,1.044805396163591915e+00,-9.065113458943488967e-01,-3.017422901057057461e-01,-1.519124624504089693e+00,-1.354250323733543038e+00,-3.239174761736190455e-01,-7.038385453385747059e-01
1.000000000000000000e+00,5.491057189773829172e-01,-2.573172371943522330e-01,-4.502469297144867655e-01,1.298926804299949334e+00,-1.385612459686946574e+00,1.051217340616582563e+00,3.428484605198601209e-01,-1.071683271940086390e+00,-3.005336423876147078e-01,-1.510518880318922008e+00,-7.771075657403756498e-01,1.342221840808051070e+00,1.038120967691992691e+00,-6.624302333081559802e-01,-8.570843609517424244e-02,2.208792401819443363e+00
1.000000000000000000e+00,8.730317688308844026e-01,1.598807592577561054e-01,-1.539779387448594106e+00,-1.930209815172905519e-01,5.552663632954863565e-02,-4.451432028899556248e-01,2.354082480090416707e-01,6.049553409704430118e-01,2.412056406110957563e-01,7.851723861482041711e-01,1.574339201426974144e+00,-7.019822655772643971e-01,-1.072208095302268127e+00,-1.449574655195073336e-01,8.240918873878493311e-01,6.297613985793292235e-01
1.000000000000000000e+00,1.205505809362456687e-01,1.372136197371686128e+00,2.308281980768746577e-01,-1.620445351793251110e+00,1.587630925498022538e+00,7.788951037732771976e-01,1.452421339791203581e+00,-4.801274215168730430e-01,1.570558589091984592e-01,-8.479788108031349747e-01,5.909704260766145412e-01,1.109807322397719176e+00,-2.429196801583819454e+00,1.303108500836442474e+00,-1.522225818584736601e+00,7.541857378427154757e-01
1.000000000000000000e+00,7.081642152090588116e-01,1.748208746104263633e-01,-6.679662014482901089e-01,2.128066317675703922e-01,-1.030519649279008215e-01,-1.340214161472776944e+00,-3.788196722418278872e-01,8.592881049402911753e-01,3.723112257582281148e-01,-1.331516607524713347e+00,-5.016291656057976223e-01,7.044475534488083834e-01,-8.389129389374688772e-01,1.444437409044002640e+00,1.194873601160928889e+00,5.950641205729207961e-01
1.000000000000000000e+00,8.780559573067214796e-01,2.990396780226574347e-02,-2.737187618251494814e-01,-3.351554730956686212e-01,-1.244171063198458604e+00,-1.230640967005239395e+00,2.049989722477402854e+00,3.484789910738176344e-01,5.971844410060018760e-01,-1.615247057772599915e+00,1.146346293797053661e+00,-1.428072268372140519e+00,5.015702984183942892e-01,-8.449463934782547314e-01,1.085915541911408183e-01,-2.102349806762418449e+00
1.000000000000000000e+00,-1.692850802599562998e+00,-6.904310341845532051e-01,-1.803221661463322967e+00,1.309690961529862641e+00,-9.788981579149137469e-01,-3.871793974879071953e-01,8.835739453961070078e-01,7.431234902854034763e-01,-1.524229070367995043e-01,-1.677650964242481946e-01,1.327887717030067805e+00,-1.484722088414946795e+00,3.222263209397440709e-01,-1.940403106824998058e+00,1.106088172508015166e+00,-6.337840377482362175e-01
1.000000000000000000e+00,-1.134776074195178591e-01,1.553956821414422151e+00,6.000197435085242725e-01,8.783529456340993802e-01,-1.268138944628767195e-01,-7.855792351567426612e-01,-8.009262235855082457e-01,-3.139924232573510499e-01,-2.715087294533058415e-02,-4.342833449591646522e-01,8.455444131974319821e-02,4.131834179334851198e-01,1.328543467250632881e+00,-1.609338233111417549e-01,-7.222603913206708803e-01,-7.278602159056978271e-01
1.000000000000000000e+00,6.122409149085473734e-01,-1.621785684513310066e+00,-9.537134735091173932e-01,1.983268275415135840e+00,-6.427169511386113254e-02,-3.809147115637108172e-01,-9.956436762075926428e-01,9.002784392963919524e-01,-1.105628791635521468e-01,-1.028541679732169756e-01,-2.402785437623876919e-01,-1.677342546830247638e+00,-6.166447531313453689e-01,1.814566064310469684e-01,-1.834144583339652579e+00,1.178178674913718416e+00
1.000000000000000000e+00,-5.357473798431034995e-01,1.422724936351782876e+00,-9.957007916049901430e-01,-1.412993535005744761e+00,-4.461836494211089965e-01,-8.574127311009518415e-01,-7.407518746658973141e-01,1.299653446343510266e-01,1.475857921246128024e+00,9.867091335267728081e-01,-8.149388848300553878e-01,-8.115324089183817424e-01,-1.860415860788860565e+00,-9.299909940751688309e-01,1.162586680959189156e+00,6.565749310014448725e-02
1.000000000000000000e+00,4.356728787417004645e-01,-3.101629946307359331e-01,-1.024774604503059239e+00,-5.674142932042660625e-01,1.051773779157747057e+00,-3.810516140762984505e-01,-6.411374167774843702e-01,6.548961864459477977e-02,-1.767736048000050075e-01,-1.650303737906499701e-01,-1.652570002048858455e-01,2.032715758731866718e-01,-2.465142945293265775e-01,-1.376310484963549685e+00,5.336487486096198607e-01,2.737431855478010545e-02
1.000000000000000000e+00,-1.491264384418135025e+00,1.566939762052987684e+00,2.294004505923074311e-01,-2.516910921220475217e+00,-3.859043788691091104e-01,1.270408537512297986e+00,-6.018379433771633424e-01,-3.079166686920161711e-01,-5.906236242210609610e-01,-5.067224621781611926e-01,-9.644677391243856868e-02,1.238393262984552434e+00,1.639340992988399970e+00,4.693806794647804592e-01,-7.017866654637722190e-01,1.910408918254049015e-01
1.000000000000000000e+00,-2.509792487452013332e-01,-5.813685368068144399e-01,3.528706448446907173e-01,2.795618021817641852e-01,-7.210194935064486721e-01,-2.642572039443710219e-01,3.848007365059368245e-01,-7.524335787264415654e-01,-1.283210493513543771e+00,1.439223836314906281e-02,5.177610848613694028e-01,-1.510902507568321562e+00,-1.101255680657012404e+00,-8.282671975503329564e-01,-1.414319627139234807e-02,-1.525376490864694956e+00
1.000000000000000000e+00,2.194124429238289431e-01,1.519405686471615224e+00,-1.456156499636233614e-01,7.800418095604950697e-01,8.336252607472734999e-01,2.000109610404342764e+00,-2.930886933702263608e-01,9.524527521184565915e-01,-9.436697689631234898e-01,6.719282256827763256e-01,5.074875207036358971e-01,1.298645099806880809e+00,-1.539569282154899799e-01,-2.302756191345685377e-01,9.954362817301487532e-02,2.207666400862701384e+00
1.000000000000000000e+00,-9.978705745105380664e-01,-4.573036589624038251e-01,-6.545267205919196307e-01,1.224268757351485881e+00,1.477416950934645090e+00,-8.928147313554706255e-01,1.127236254184290631e-01,-1.074252578403022351e+00,-7.939695561493230747e-01,1.542849080191692757e-01,-1.466716623643883555e+00,1.491569864306827364e+00,-1.159368694325581206e+00,-2.396884743592470890e-01,-1.033009893745499008e+00,-7.968758906544263221e-01
1.000000000000000000e+00,-1.703259449352143295e-01,7.959112988580419046e-02,-1.178908696572701142e+00,-7.484951632268814770e-01,1.128439340875277752e+00,5.046259881309127504e-01,-6.785976968172997559e-01,-5.967000994150313264e-01,4.223141474001287921e-02,-7.567738486337529658e-01,6.221868413889518612e-01,6.286176234014295705e-01,-7.638270749848669050e-01,3.859999203898191455e-02,-4.002679540254865387e-01,-9.292226250729250792e-01
1.000000000000000000e+00,1.921998211101334064e+00,-5.822140997578360844e-02,1.344863850064767608e+00,1.718334170047800091e+00,-1.295884578803115028e+00,1.055022606243493977e+00,-2.796407646227869748e-01,3.935982916447798054e-03,1.699092778443019647e+00,-4.937475828991436111e-01,2.323217279588531969e+00,1.701274022136593400e+00,1.174436762875635365e+00,-8.018490233169092707e-02,-1.635400910126009189e-01,-1.600020549651973933e+00
1.000000000000000000e+00,-1.025105228182449979e+00,5.539060406891543886e-02,-1.837316902587203371e+00,-7.797071909677896762e-02,-4.870364971089664596e-01,4.057505866179004772e-01,3.770669399379991682e-01,2.792043379820711713e-01,-1.594241886824723231e-01,6.642087258042640441e-01,-1.389731291792550394e+00,5.608248601681522505e-01,3.005904249335970002e-01,1.311242584759452490e-01,-1.004748951398543033e-01,-1.342617634521975911e-01
1.000000000000000000e+00,1.598295366493469150e+00,2.622026897630795883e-01,1.390687407679754184e+00,3.697261574033713916e-01,9.182969442876890431e-01,-1.221286179437441666e+00,7.963726695307346004e-01,-1.552179722955060237e+00,1.560651655903502188e-01,2.466883937769938639e-01,-3.366813177974632421e-01,-1.499662644380947707e-01,1.485786332135705656e+00,-4.693436273661337199e-01,-1.352282431124130602e+00,-7.890020849631983468e-01
1.000000000000000000e+00,-5.614125987033459220e-01,-1.309612219490426055e+00,1.324452778805833786e+00,-2.512776282894928492e+00,-5.982607247376423576e-01,-2.549926856439455602e-01,-1.145960326821926945e+00,-1.923324495436415038e+00,-3.577086744650234129e-01,2.201062916341532671e-01,-8.186310307403743547e-01,4.943093239305289543e-01,-1.146140120714807115e-01,-4.872955302467432137e-01,6.191115507985791577e-01,-1.260116648970065034e+00
1.000000000000000000e+00,1.741937396571578756e+00,1.332043217928747525e-01,3.199248974754853592e-01,-1.587626201591808006e-01,-3.493170829540169775e-01,-1.157390654996977020e+00,-1.407760719238865699e+00,1.415574605763788574e+00,-6.594357778905821643e-01,-5.922509624763320213e-01,-1.131160233399296500e+00,-3.164272731558325447e+00,-1.035657768892774611e+00,-1.925127010464044552e+00,4.920661365365278095e-01,-8.893764066852048733e-02
1.000000000000000000e+00,1.085046627219272697e+00,-1.002994088156769159e+00,1.397306595662844764e+00,1.776291230929769732e-02,2.148430401506287613e+00,1.542530954472636218e+00,-1.351326521783242640e-01,2.969269046277306923e-01,1.012455647275811943e+00,-1.235834915743442508e+00,4.037627983725426001e-02,4.581155508177649494e-01,5.529848500662227773e-01,-4.619881983894962296e-01,1.728937610895625587e-01,1.169472998882699288e+00
1.000000000000000000e+00,1.359439440155343903e-02,-1.051766025752403300e+00,1.723067522057488032e+00,-1.187813693220441280e+00,-2.626188097219666062e-01,5.230917340572245333e-01,7.725046107598182443e-02,-4.240335547050045339e-01,-7.706691244251725470e-01,-1.581136062094005812e+00,-5.807587208274463952e-01,1.394724250163789925e-01,-2.023744709061014557e+00,2.910240319730132419e-01,1.838831899384208768e+00,1.245235627402641487e+00
1.000000000000000000e+00,8.439414448828150839e-01,9.542429530718753161e-02,6.290714712807431441e-01,-1.180665452124303627e+00,8.086285476019415830e-01,-1.342946131689220612e+00,-1.111324276414354717e+00,-1.230677138547925153e+00,9.967242253353751913e-01,-1.420613040965339691e+00,4.215078602976581740e-02,3.370026899094054063e-01,5.769806488923198140e-01,1.195097799519907328e-01,-3.809221228197414155e-01,-2.865962438913923771e-01
1.000000000000000000e+00,2.984883916282153327e-01,1.515010977752118126e-01,5.975261929314314852e-02,-2.760050671826015933e-01,-1.259145237823311891e+00,-2.561653371389542855e-01,-5.275725335797157856e-01,9.867220845442928878e-01,-5.100618895534313468e-01,-8.370466912582480434e-01,1.358214753138641262e+00,7.895193909121631659e-01,7.041158064908686898e-02,-1.241963557762285397e+00,9.094823140328046618e-01,1.646181887569431457e-01
1.000000000000000000e+00,-4.189527721198717525e-01,-3.167626417797201888e-01,-7.993923994020969426e-01,6.283632064854068888e-01,1.039163866811399606e+00,-1.584456211162924705e-02,6.889648706365444353e-01,2.099281918578561057e-01,2.888472813551462348e+00,-4.813863276781429196e-02,-5.262757894160980943e-01,2.561416863576284619e+00,1.994473555847014357e+00,-4.729061625064279739e-01,-5.572230836013933875e-01,2.464980738573722796e+00
1.000000000000000000e+00,-2.601624489867587764e-01,-6.719889500675115812e-01,7.404738683249714182e-01,1.218910838710951072e+00,-8.230396097847051395e-01,4.947098618555428179e-02,-4.645417686282324321e-01,-4.228589688898551358e-01,-1.605127577609789968e+00,6.620294964917853298e-01,-1.684514419388532636e+00,-1.275944745260024771e+00,7.930428296589856485e-01,1.422957672350724012e+00,-1.622245233545559939e+00,-8.866745716885528206e-02
1.000000000000000000e+00,-1.119609671014030416e+00,3.508062385114056325e-01,4.752926964073285743e-01,-1.118102869407419098e+00,1.283312730603627660e-01,1.544159837624969445e+00,1.839611942722441995e+00,1.416849543701746317e+00,-4.629277364283154728e-02,7.629728767458786587e-01,-1.490683373965417946e+00,-7.645595882008192623e-01,2.851826407755484016e+00,2.169325501184326210e+00,-1.751479738008383302e+00,-1.082339419590545582e+00
1.000000000000000000e+00,5.845737610943423368e-01,-8.150009365804519734e-02,8.490055709071894774e-02,-1.017573536245749422e+00,3.918179102046010637e-02,-2.980030451025239557e-01,1.016283432750359816e+00,-1.731882237938425328e+00,8.706249501085836506e-01,5.714253622407953204e-01,-3.442162699942938331e-02,6.373515499160622433e-01,1.746631830111200934e+00,-6.812013072508714684e-01,8.659432074215457353e-01,2.772136450880774428e-01
1.000000000000000000e+00,2.284759702297498585e-01,7.747850107475223735e-01,-4.671508264779459241e-01,-1.111370266294407383e+00,2.153557867863594710e-01,6.515423179903714335e-01,-8.366529125532586875e-01,-7.054503490770525076e-01,-9.484133138296610976e-01,-9.125769765790953114e-01,-1.576770829921064987e+00,-1.382896299285329755e+00,-3.223462372135987297e-01,-1.405947628552262629e-01,-9.123199787912600334e-02,-1.538098725520874677e+00
1.000000000000000000e+00,2.025547215233671761e+00,1.798242353220899981e+00,4.364444275778765481e-01,-1.345879059409061052e+00,-3.775834265967216163e-01,1.360678469085944586e+00,-7.413834307505877685e-01,5.904515852219349714e-01,5.591693507247305628e-02,5.387276908976126322e-01,-2.000164493569978941e+00,-6.989698448452457136e-01,-9.348713284244539179e-02,-6.840620694681361913e-01,9.998405597425177316e-01,-1.117916253379348301e+00
1.000000000000000000e+00,4.532646950498681604e-01,-2.397816611295598699e-01,1.617595942958109267e+00,-2.512253171306506605e+00,-1.965220382682505429e-01,3.890664784717423608e-01,4.817762589091554859e-01,5.691427943214435459e-01,2.049790422970365344e-01,-1.004254149822655373e+00,-4.543445317686353735e-02,-5.900715617929986889e-01,3.167350968167217395e-01,-6.691436702464160780e-01,8.975147045757805309e-01,6.729511179498637308e-01
1.000000000000000000e+00,-1.858756503424562334e-01,2.213496358881683335e-01,1.004758015383356407e+00,1.282665764120818119e+00,-5.383614899994858538e-01,1.394514070772598480e+00,8.898411022245005242e-01,3.939523325064376857e-01,-2.045686708851315760e+00,3.148549139720614676e+00,6.154172977858770599e-01,-1.063206927786110589e-01,-4.853531602982769089e-02,-1.642085646137007915e+00,-2.114378877776649013e+00,-1.087256645260210597e+00
1.000000000000000000e+00,-8.678974063460489496e-01,1.600668285965739790e-01,1.141686489227872608e-01,7.739593198474791214e-01,-1.576097635966314581e+00,1.600734035923301546e+00,1.922051552309465450e+00,7.640032882336976749e-01,-7.797691697642378239e-01,-8.187842052719010999e-01,-2.245046577063540383e+00,-7.249393432170023743e-01,3.370647835484463783e-01,6.983095437443291864e-01,-2.042398632581374218e-01,7.895001280176742187e-01
1.000000000000000000e+00,4.302965602665325684e-01,-4.595979762121631951e-01,2.918431734411541800e+00,-6.827379998184445187e-01,-2.268077353774188953e+00,1.675664146100078744e+00,-4.709717395356108893e-01,1.003473707866298220e-01,-1.739385443911571683e+00,-1.056973411524360973e+00,-4.227899816268993471e-01,-1.055560359555516747e+00,3.910781678934653338e-01,5.831185399811940062e-01,9.191245842563418034e-01,1.228658165521725742e-01
1.000000000000000000e+00,2.031547534685859968e-01,-1.501945693385466241e+00,1.142150847545505998e+00,-1.423499558711377733e-01,-4.978227383934304973e-01,7.343230203416280244e-02,-1.190141429301636578e+00,-2.342477249063616096e+00,5.537048366855172876e-01,-2.000557650525705444e+00,-2.993195438954101006e-01,-7.420427459752676480e-01,6.821061872446625429e-01,9.151512368814468390e-01,6.395350574522755405e-02,-1.431004647802326391e+00
1.000000000000000000e+00,1.579097037750990307e+00,-9.432129737811705272e-01,-1.434641753477455373e+00,2.630057664440584864e-01,-1.878819540807764310e-01,1.515195945065040406e-01,-1.038969694460434079e+00,-2.215049142578362940e+00,-2.937114109975106357e-01,5.407434997637167173e-01,2.553429188900378510e-01,-7.799049616431766863e-01,-1.240909257487308459e-01,2.852445547721630392e-01,-1.654018244619725797e+00,1.972696594366310507e-01
1.000000000000000000e+00,7.238827461920747941e-02,-7.260594744073638196e-02,4.353091821683295892e-01,-3.174022125735300182e-01,-1.843236246173839188e+00,6.812164990368650974e-01,1.892428657368970257e-01,-9.693856521423096506e-01,2.761967705805339346e-01,-1.238823361567560566e+00,1.980375566821501176e-01,-1.128343121105573887e+00,-1.412638078336855840e-01,3.950017398025283399e-01,-1.532668534987614128e+00,1.107404319102434531e+00
1.000000000000000000e+00,-4.973379157721175559e-01,-2.530800794913173668e+00,1.100653809471451972e+00,-1.258672816938825323e-01,5.828550109792363099e-01,-2.023170929466263923e-01,-5.090003763124493208e-01,7.112613747977661882e-01,7.134765986113242309e-02,-5.175993764302531108e-01,-8.965148734330846692e-01,2.114351008820223310e+00,8.126322560402041706e-01,6.038954824891160644e-01,7.445571432871694872e-01,7.466277111200325667e-01
1.000000000000000000e+00,-3.785632518093192123e-01,4.019990213214614805e-01,-9.176929746743278660e-01,6.912936022465676622e-01,-1.008427659069788929e+00,-4.721257510452667172e-02,6.420590591317114626e-01,-4.188479051445507251e-01,-8.759914859568155299e-01,2.378626298779844550e+00,2.560201674357817758e+00,-1.386965666071130199e-01,-2.284423932617870301e-01,-3.964488735060980873e-01,-1.826358259430464370e+00,5.126468408689235368e-01
